"","NTACode","POPTOT","POPDTY","MALE","FEMALE","MALEOVER18","FEMALEOVER18","POPOVER18","MEDIANAGE","MEDIANAGEMALE","MEDIANAGEFEMALE","EUROPEAN","AFRICAN","ASIAN","AMERICAN","PACIFIC","OTHERETHNICITY","MIXED","HISPANIC","HOUSEHOLDS","LESSTHANHIGHSCHOOL","HIGHSCHOOL","COLLEGE","BACHELOR","MASTER","PROFESSIONAL","DOCTORATE","ONLYLESSTHANHIGHSCHOOL","ONLYHIGHSCHOOL","ONLYCOLLEGE","ONLYBACHELOR","ONLYMASTER","ONLYPROFESSIONAL","ONLYDOCTORATE","MALEONLYLESSTHANHIGHSCHOOL","MALEONLYHIGHSCHOOL","MALEONLYCOLLEGE","MALEONLYBACHELOR","MALEONLYMASTER","MALEONLYPROFESSIONAL","MALEONLYDOCTORATE","FEMALEONLYLESSTHANHIGHSCHOOL","FEMALEONLYHIGHSCHOOL","FEMALEONLYCOLLEGE","FEMALEONLYBACHELOR","FEMALEONLYMASTER","FEMALEONLYPROFESSIONAL","FEMALEONLYDOCTORATE","MALEDROP","FEMALEDROP","MALE16TO19","FEMALE16TO19","MALEINLABOURFORCE","FEMALEINLABOURFORCE","POPINLABOURFORCE","MALEUNEMPLOYED","FEMALEUNEMPLOYED","POPUNEMPLOYED","AFRICANINLABOURFORCE","AFRICANUNEMPLOYED","AMERICANINLABOURFORCE","AMERICANUNEMPLOYED","EUROPEANINLABOURFORCE","EUROPEANUNEMPLOYED","ASIANINLABOURFORCE","ASIANUNEMPLOYED","PACIFICINLABOURFORCE","PACIFICUNEMPLOYED","MIXEDINLABOURFORCE","MIXEDUNEMPLOYED","HISPANICINLABOURFORCE","HISPANICUNEMPLOYED","OTHERINLABOURFORCE","OTHERUNEMPLOYED","LESSTHAN10000","MEDIANINCOME","WITHSOCIALSECURITY","WITHSSI","WITHPUBASST","POOR","STRUGGLING","POORORSTRUGGLING","OKAY","COMMUTELESSTHAN5","COMMUTE5TO14","COMMUTE15TO29","COMMUTE30TO44","COMMUTE45TO59","COMMUTE60TO89","COMMUTEMORETHAN90","GINI","HOUSEHOLDSIZE"
"1","BK09",23498,419888.64,11805,11693,10230,10262,20492,217.2,222.4,218.9,18810,1282,1713,80,0,682,931,1747,11346,326,1396,1923,6387,4623,2780,862,326,17971,16575,14652,8265,3642,862,144,8749,7998,7188,4103,1921,395,182,9222,8577,7464,4162,1721,467,0,0,504,485,7587,7261,14848,384,404,788,688,67,80,39,12245,587,1190,4,0,0,338,23,924,92,307,68,580,637162,2402,114,106,2214,1146,3360,19262,210,1537,3445,5279,1282,560,308,0.51485,1.87166666666667
"2","BK17",61584,589296.926,28670,32914,22838,27462,50300,827.6,791.4,868.5,45514,4584,9815,25,112,958,576,4812,25070,6094,13371,9331,11247,3904,1075,517,6094,39445,26074,16743,5496,1592,517,2677,17844,12396,8129,2514,780,269,3417,21601,13678,8614,2982,812,248,5,14,1372,1074,15059,14404,29463,1428,1224,2652,1945,428,9,0,21997,1623,4857,410,64,20,226,75,1941,305,365,96,3036,1054259,7132,2089,1016,9866,10981,20847,40385,122,2436,5632,4667,3782,7185,1663,0.448089473684211,2.46578947368421
"3","BK19",31584,517644.31,14495,17089,11881,14447,26328,395.8,365.9,415,25322,526,4171,74,0,691,800,4135,13764,3127,6067,5153,6491,1804,681,329,3127,20525,14458,9305,2814,1010,329,1420,9211,6400,4244,1227,582,170,1707,11314,8058,5061,1587,428,159,119,10,683,586,7411,6814,14225,688,398,1086,265,42,28,0,11135,751,2009,236,0,0,372,14,1857,153,372,43,2928,341212,2558,3023,342,8477,6630,15107,16354,86,1243,2349,2090,1705,3734,1010,0.496122222222222,2.35111111111111
"4","BK21",30018,264094.095,13849,16169,10632,12926,23558,370.6,338,385.3,12724,10739,3113,187,21,2612,622,7069,11215,6461,6428,3982,2231,857,341,155,6461,13994,7566,3584,1353,496,155,2887,5906,3197,1503,614,249,101,3574,8088,4369,2081,739,247,54,83,63,1258,881,6019,6313,12332,1289,1281,2570,4663,1456,79,30,4946,694,1324,82,0,0,143,39,2876,515,1167,269,2455,236991,3412,2654,1207,9549,7556,17105,12286,128,1033,1939,1758,1264,1729,1280,0.4332625,2.5025
"5","BK23",15472,248939.42,6552,8920,5891,8294,14185,232.7,229,233.1,15109,168,110,0,0,1,84,169,8026,1272,3846,2887,3603,1558,142,110,1272,12146,8300,5413,1810,252,110,451,5153,3488,2449,877,131,48,821,6993,4812,2964,933,121,62,7,0,194,117,2934,3899,6833,214,225,439,92,1,0,0,6618,430,46,0,0,0,15,8,32,0,0,0,920,158958,3662,1218,189,1820,2966,4786,10686,36,534,1340,1051,686,1843,552,0.4605,1.935
"6","BK25",41899,617485.82,20742,21157,15612,16147,31759,597.6,567.7,614.1,35395,484,4336,55,0,1067,562,2881,15435,4726,9237,5638,5691,2048,476,281,4726,23371,14134,8496,2805,757,281,2288,11261,7093,4440,1578,547,231,2438,12110,7041,4056,1227,210,50,8,5,1165,972,10609,7793,18402,858,900,1758,195,0,19,0,15244,1406,2209,238,0,0,143,60,1631,103,592,54,1379,726502,4689,1316,366,5853,9899,15752,26003,302,1519,3159,3287,2580,4024,729,0.46663125,2.774375
"7","BK26",27759,256332.2,12635,15124,10315,12241,22556,349.3,343,362.9,16699,2338,6585,107,0,1673,357,4263,11068,5272,6709,3706,2954,1169,283,304,5272,15125,8416,4710,1756,587,304,2334,6851,3664,2179,739,317,228,2938,8274,4752,2531,1017,270,76,0,5,519,663,6118,5976,12094,716,732,1448,1195,292,14,0,6886,719,3373,320,0,0,71,0,1627,263,555,117,1382,318003,3976,1660,548,5556,6350,11906,15804,23,834,2175,1812,1648,2813,962,0.4521875,2.63625
"8","BK27",29311,425806.68,14421,14890,11367,12254,23621,426,407.8,451.1,17345,641,9224,74,0,1709,318,3553,10726,5036,7147,3601,3517,1395,364,191,5036,16215,9068,5467,1950,555,191,2304,7734,4309,2535,885,348,111,2732,8481,4759,2932,1065,207,80,0,0,530,491,7549,5854,13403,627,436,1063,271,0,40,14,7816,618,4268,353,0,0,184,8,1749,208,824,70,966,586776,3371,1009,496,4542,5753,10295,18805,8,826,2241,2049,2248,3645,771,0.462381818181818,2.74
"9","BK28",86592,1337126.99,41882,44710,33100,35363,68463,1017.8,999.5,1046.5,48060,769,32319,621,0,4116,707,12500,29717,18869,19727,10078,8012,2941,591,418,18869,41767,22040,11962,3950,1009,418,9385,19707,10677,5842,1733,509,238,9484,22060,11363,6120,2217,500,180,59,44,1922,2317,23171,17230,40401,2474,1454,3928,381,33,469,0,21674,2213,15552,1519,0,0,292,29,6072,466,2012,134,2347,1154642,8572,2559,1469,15495,22362,37857,48543,323,2974,5851,7194,6205,9686,2292,0.438080769230769,2.88576923076923
"10","BK29",61066,920850.04,30046,31020,24106,25344,49450,734.2,700.9,751.2,33602,628,23673,58,18,2223,864,7363,21737,13766,13729,6950,6498,2998,414,172,13766,30761,17032,10082,3584,586,172,6625,15124,8258,4820,1800,351,103,7141,15637,8774,5262,1784,235,69,65,27,1166,1201,17101,12622,29723,1649,1321,2970,384,69,32,0,15878,1579,12004,1176,0,0,323,63,3655,313,1102,83,1618,771772,6333,1935,1063,9822,15444,25266,35695,233,2185,4157,5902,3964,7077,1929,0.444205555555556,2.80611111111111
"11","BK30",45216,727678.94,22395,22821,17526,18397,35923,687.2,645.4,716.3,26407,505,16739,94,21,1024,426,4210,14966,9343,9337,5504,4662,2144,587,222,9343,22456,13119,7615,2953,809,222,4423,10756,6155,3527,1346,496,160,4920,11700,6964,4088,1607,313,62,41,38,1047,972,11935,9839,21774,1141,669,1810,351,15,76,0,12333,955,8313,790,0,0,148,7,2314,167,553,43,793,1016628,4869,813,684,6448,10532,16980,27892,263,1847,2683,4340,2595,5262,1635,0.421270588235294,2.92529411764706
"12","BK31",83821,1155799.68,39949,43872,31328,35454,66782,1086.4,1052.3,1116.7,63389,1769,11661,419,88,4607,1888,13474,34990,8827,13975,11471,15323,7579,2006,958,8827,51312,37337,25866,10543,2964,958,3807,24083,17661,12071,4662,1579,443,5020,27229,19676,13795,5881,1385,515,126,71,1731,1869,23017,19495,42512,1845,1742,3587,1006,103,267,29,32013,2823,6100,461,67,0,586,80,6714,435,2141,91,2495,1669952,9434,1208,939,12890,13745,26635,57015,603,4230,6302,6866,7537,9896,1672,0.457675,2.42678571428571
"13","BK32",54932,848532.119,29432,25500,22821,19285,42106,464.1,454.6,489.2,24381,2766,8749,817,0,16638,1581,34060,17023,14503,7537,5705,5395,1945,473,280,14503,21335,13798,8093,2698,753,280,7570,11813,7512,4122,1388,455,203,6933,9522,6286,3971,1310,298,77,367,193,1298,1308,16314,11776,28090,1285,1617,2902,1402,148,364,110,12746,1227,4552,465,0,0,632,80,16355,1767,8393,872,1798,NA,3174,1163,1258,13848,15047,28895,23505,258,2252,3658,5685,4395,5741,1845,NA,NA
"14","BK33",39422,468959.526,18464,20958,14435,17293,31728,423.6,422.2,424,25764,4793,2348,12,0,4879,1626,8503,17628,3777,4271,4182,9399,5296,1848,491,3777,25487,21216,17034,7635,2339,491,1509,11767,9785,7809,3580,1134,207,2268,13720,11431,9225,4055,1205,284,37,38,632,554,11290,12113,23403,1171,1008,2179,2256,660,0,0,16625,947,1543,73,0,0,718,56,3980,656,2253,443,1592,1005602,3131,1054,491,5814,4498,10312,28614,198,1472,4563,6317,4072,2188,375,0.455591666666667,2.19416666666667
"15","BK34",71460,1209037.4,36563,34897,27072,26720,53792,NA,NA,NA,21965,1955,35196,974,56,10220,1094,23746,20544,23809,10199,5231,4904,1430,214,115,23809,22093,11894,6663,1759,329,115,11894,10893,5681,3126,817,146,56,11915,11200,6213,3537,942,183,59,202,113,1936,1922,21027,14953,35980,2381,1606,3987,1141,127,487,0,10389,788,18277,2571,12,0,459,26,11628,1016,5200,475,2385,NA,3742,1607,1748,22037,23966,46003,24997,323,3151,4113,7375,3292,8076,3267,NA,NA
"16","BK35",64331,1034956.66,28872,35459,21012,27054,48066,607.7,586.2,617,7778,48310,1880,101,10,5049,1203,13632,24360,9830,12516,9807,5917,2166,503,261,9830,31170,18654,8847,2930,764,261,4588,13060,7221,3482,967,297,89,5242,18110,11433,5365,1963,467,172,158,117,1741,1761,14064,16052,30116,2620,2167,4787,22647,3416,29,13,3657,571,937,134,0,0,519,100,5596,1279,2296,553,4370,669067,5819,2776,2253,17983,12563,30546,33473,231,1169,3521,6773,5715,4840,1590,0.478222222222222,2.61777777777778
"17","BK37",72864,1095752.208,34912,37952,28459,31401,59860,685.8,696.6,679.1,53183,5138,4678,406,0,6597,2862,12688,31068,4304,4890,6425,19336,13030,4876,1621,4304,50178,45288,38863,19527,6497,1621,2182,24082,21989,18342,8365,3420,838,2122,26096,23299,20521,11162,3077,783,2,18,832,1197,24281,24210,48491,1786,1353,3139,3096,292,237,0,36806,2132,3677,248,0,0,1212,56,6663,643,3433,411,1241,1890499,4664,638,279,5347,6039,11386,61237,517,2712,6151,15568,10310,4781,830,0.44052,2.354
"18","BK38",35373,465621.889,17227,18146,13593,15339,28932,403.9,386.7,420.9,18073,8643,3016,64,0,4106,1471,8406,15085,4182,3972,3911,7423,4055,1972,464,4182,21797,17825,13914,6491,2436,464,1861,10313,8554,6590,3075,1280,169,2321,11484,9271,7324,3416,1156,295,42,21,630,559,9905,10339,20244,996,1046,2042,3801,837,34,0,11845,528,1980,122,0,0,767,95,3740,769,1817,460,1784,1003599,2667,1191,701,7401,5279,12680,21821,80,1267,4019,6733,2352,1256,489,0.466208333333333,2.08666666666667
"19","BK40",22571,277630.87,10698,11873,8631,9757,18388,229.5,229.5,228,16664,1490,2208,165,0,1323,721,3530,9510,1579,2981,2649,4380,3447,843,448,1579,14748,11767,9118,4738,1291,448,624,7054,5542,3987,1974,610,200,955,7694,6225,5131,2764,681,248,14,0,368,247,6953,6834,13787,406,402,808,906,45,70,1,10562,591,1205,63,0,0,304,77,1767,151,740,31,611,492431,1795,381,144,2793,1664,4457,18097,97,822,1852,3139,3136,2642,358,0.425566666666667,2.37
"20","BK41",36199,508713.09,17737,18462,12861,13671,26532,258.8,256.9,261.4,20243,2904,8825,101,0,3176,950,5035,12037,4399,5644,4895,5086,2249,469,226,4399,18569,12925,8030,2944,695,226,2215,8745,5873,3705,1220,380,118,2184,9824,7052,4325,1724,315,108,62,7,1151,853,9383,7575,16958,865,592,1457,1534,150,8,0,9529,839,3648,242,0,0,416,61,2640,213,1756,165,1027,345570,2325,1054,372,9475,8741,18216,17754,142,1104,2520,3733,3576,2785,735,0.45495,3.03875
"21","BK42",105094,1978140.27,48046,57048,35651,43866,79517,909.7,876.1,937.6,28856,53608,8834,284,99,11039,2374,20103,37482,13971,19417,15600,12010,4765,1184,675,13971,53651,34234,18634,6624,1859,675,6224,23949,15487,7973,2922,1016,294,7747,29702,18747,10661,3702,843,381,341,85,3052,3261,26412,27066,53478,2792,2709,5501,28260,3501,96,0,14060,1140,3992,358,62,9,959,72,10430,974,5981,421,4345,1223438,6539,2739,1924,23628,25151,48779,55861,501,2692,7794,12602,9131,9780,2688,0.440980769230769,2.81192307692308
"22","BK43",51514,730257.84,25512,26002,18392,19808,38200,637,582.2,677.7,41195,2654,5166,36,0,1807,656,3273,18430,4207,7328,7308,8001,3933,1199,597,4207,28366,21038,13730,5729,1796,597,2136,13248,9977,6527,2804,1194,331,2071,15118,11061,7203,2925,602,266,102,32,1695,1356,11995,10260,22255,1196,645,1841,1528,317,36,0,17440,1199,2021,220,0,0,313,25,1676,205,917,80,2601,989513,4444,1893,410,10600,10661,21261,29840,238,1809,4740,4710,3169,3459,792,0.503444444444444,2.87333333333333
"23","BK44",40001,612464.38,19269,20732,15191,16471,31662,626.4,599.7,646.6,30103,402,8472,74,0,640,310,2697,15022,4475,7461,5550,6733,2673,821,373,4475,23611,16150,10600,3867,1194,373,2107,11232,7681,5109,1843,731,234,2368,12379,8469,5491,2024,463,139,7,30,1144,910,10541,8466,19007,736,512,1248,280,0,11,0,14094,977,4170,227,0,0,84,0,1387,194,356,44,1156,867590,3616,1330,238,4638,9328,13966,26001,31,1657,2999,3902,2537,4633,894,0.42672,2.694
"24","BK45",48351,497498.701,23370,24981,16650,19500,36150,722.6,663.3,777.1,37825,5983,2298,16,231,1253,745,4154,16432,2734,9143,8869,6727,3381,889,365,2734,29374,20231,11362,4635,1254,365,1361,13405,9149,5083,2015,650,161,1373,15969,11082,6279,2620,604,204,39,47,1450,1048,12131,11098,23229,1105,1120,2225,3293,478,10,0,17665,1407,1198,213,0,0,241,12,2097,202,780,115,641,1520979,5067,652,277,3805,6421,10226,38123,247,2941,5129,4194,1833,4137,1578,0.386315789473684,2.96421052631579
"25","BK46",19541,286068.243,9573,9968,6943,7041,13984,298.4,296.7,302.3,17438,169,761,111,0,931,131,1679,6607,1635,3300,2814,2335,1199,236,153,1635,10037,6737,3923,1588,389,153,810,4941,3416,2050,786,278,112,825,5096,3321,1873,802,111,41,101,0,630,751,4861,3432,8293,524,327,851,88,5,35,14,7131,655,451,55,0,0,51,10,970,172,504,112,591,457247,1872,359,111,2618,4211,6829,12687,63,1150,1353,1358,1080,1707,227,0.474433333333333,3.01111111111111
"26","BK50",86160,1171109.73,38598,47562,28242,36691,64933,NA,NA,NA,6774,72470,2323,149,0,3768,676,7428,27669,8240,17016,16540,8812,4101,507,163,8240,47139,30123,13583,4771,670,163,3564,19853,11712,4664,1588,342,38,4676,27286,18411,8919,3183,328,125,40,122,3177,2699,19737,24960,44697,2062,2058,4120,38870,3595,26,0,2405,196,1267,102,0,0,342,24,3211,301,1674,203,2516,NA,5594,1517,810,12573,13889,26462,59127,194,1891,6711,8998,5827,10686,4986,NA,NA
"27","BK58",70872,1019095.31,32144,38728,24245,29747,53992,983.6,903,1051.4,14783,51069,1905,114,0,1960,1041,5578,23279,6154,14572,12947,8108,3682,610,181,6154,40100,25528,12581,4473,791,181,2732,17269,10260,4859,1523,390,46,3422,22831,15268,7722,2950,401,135,103,106,2069,2252,17405,19679,37084,1903,1583,3486,28500,2929,57,11,6274,379,810,91,0,0,383,11,2712,195,1046,65,1501,1758555,5975,1327,547,7947,11987,19934,50739,165,1866,7120,7642,4976,7437,2656,0.38377037037037,3.13074074074074
"28","BK60",69397,1205452.098,31645,37752,23351,30779,54130,667.6,593.6,713.7,8055,54533,1508,173,0,3751,1377,7020,26016,8671,14983,12580,6645,3073,453,149,8671,37883,22900,10320,3675,602,149,3953,15623,9149,4083,1277,312,75,4718,22260,13751,6237,2398,290,74,84,118,1814,1749,16552,20358,36910,2757,2754,5511,29581,4689,86,0,4106,351,737,51,0,0,623,59,3161,499,1777,361,2851,726125,5944,1558,1215,14732,15492,30224,38380,145,2116,4027,7829,6546,6175,2632,0.423022222222222,2.56555555555556
"29","BK61",100130,1506628.84,44442,55688,33383,43965,77348,923.8,863.1,983.9,12433,76884,2128,157,236,6363,1929,11610,40818,14357,20116,16220,10686,4339,712,450,14357,52523,32407,16187,5501,1162,450,6093,21885,12946,6897,2112,585,255,8264,30638,19461,9290,3389,577,195,209,151,3040,2940,22603,27116,49719,3463,3020,6483,36761,5328,61,30,7986,470,1263,91,208,0,906,97,5196,743,2437,467,6695,980637,8847,3231,2891,28565,21235,49800,49421,361,2276,6785,13272,8410,6936,2369,0.473666666666667,2.42925925925926
"30","BK63",41243,654216.19,19627,21616,13839,16232,30071,278,260.2,296.9,11237,27257,577,76,0,1801,295,3154,14662,5040,7097,6640,3801,1635,268,121,5040,19562,12465,5825,2024,389,121,2215,8695,5733,2628,790,206,72,2825,10867,6732,3197,1234,183,49,79,89,1107,1219,9428,10445,19873,1610,1507,3117,14293,2577,0,0,4209,330,302,0,0,0,105,30,1467,244,950,180,2083,358170,3485,1091,644,9743,9911,19654,21335,258,1808,2770,4573,3018,2465,863,0.466544444444444,2.91444444444444
"31","BK64",20449,336479.12,9720,10729,8127,9327,17454,206.8,207.4,207.1,11159,5824,1435,31,0,1220,780,2524,9394,1289,1748,2224,5916,3243,1140,419,1289,14690,12942,10718,4802,1559,419,599,6932,6135,4923,2173,898,218,690,7758,6807,5795,2629,661,201,25,0,203,313,6681,7362,14043,540,515,1055,3358,437,31,0,8630,466,1042,48,0,0,305,49,1420,85,677,55,542,493713,1354,120,189,2303,2343,4646,15758,127,385,2044,4977,2900,987,500,0.444,2.18833333333333
"32","BK68",26982,502640.51,11367,15615,9250,12952,22202,336.6,328,353.4,9095,11844,2283,37,0,2417,1306,5101,11560,3649,2807,3388,4455,3630,900,178,3649,15358,12551,9163,4708,1078,178,1581,6374,5259,3739,1787,452,118,2068,8984,7292,5424,2921,626,60,68,127,597,760,6710,8401,15111,914,866,1780,5481,1050,23,0,6337,343,1436,169,0,0,614,84,2394,341,1220,134,1405,593123,2427,1024,636,5836,3277,9113,16210,66,821,2582,4980,2057,1326,416,0.46321,2.189
"33","BK69",36413,516764.57,17412,19001,14427,16091,30518,328.5,322.6,332.9,15020,15204,1911,58,32,2638,1550,5943,14937,2736,3887,5177,7351,4048,1085,406,2736,21954,18067,12890,5539,1491,406,1324,10182,8469,5808,2451,651,215,1412,11772,9598,7082,3088,840,191,62,1,794,851,10251,10769,21020,876,1075,1951,7682,955,23,12,9849,658,1300,72,10,0,877,58,3073,302,1279,196,1480,601196,2974,615,289,7204,4900,12104,22760,292,1410,2937,6256,3939,2098,580,0.46963,2.36
"34","BK72",32828,549624.19,16820,16008,8387,8743,17130,136.1,127,147.8,30366,913,30,5,0,1194,320,3779,8299,4287,4915,2727,577,179,233,11,4287,8642,3727,1000,423,244,11,1840,4241,2675,637,317,215,11,2447,4401,1052,363,106,29,0,54,41,1476,1098,5151,3256,8407,257,180,437,232,63,0,0,7711,300,24,0,0,0,94,0,1433,148,346,74,1726,151570,1584,825,385,18239,7982,26221,6407,222,2526,2272,1196,754,404,157,0.497857142857143,4.17571428571429
"35","BK73",46070,631272.22,22290,23780,17899,19127,37026,403.7,412,397,36143,2605,2048,126,88,3723,1337,17189,19172,6504,4676,5423,9827,3897,1017,430,6504,25270,20594,15171,5344,1447,430,3076,12249,10182,7385,2468,696,205,3428,13021,10412,7786,2876,751,225,133,66,1012,904,13884,13178,27062,716,1038,1754,1305,172,61,28,21517,1148,1669,74,0,0,832,149,7454,686,1651,183,2200,736085,3104,1459,659,12346,9312,21658,24313,202,2131,5887,9810,2935,1069,659,0.482469230769231,2.36384615384615
"36","BK75",70095,1212204.33,33241,36854,22033,26511,48544,560.9,542.5,595.9,22449,37726,1890,256,0,6355,1419,13102,24225,9688,11362,9591,5993,2893,376,123,9688,30338,18976,9385,3392,499,123,4647,13299,8352,3884,1459,285,72,5041,17039,10624,5501,1933,214,51,178,164,2236,2102,15660,15369,31029,2004,1602,3606,17690,2360,88,0,8467,624,1099,113,0,0,733,59,5993,778,2952,450,3845,702984,4690,2445,1833,23550,16475,40025,29582,258,2771,4385,7380,4746,4942,1058,0.476168421052632,2.92894736842105
"37","BK76",31522,376690.56,15499,16023,13775,14419,28194,408.2,415.3,405.1,26941,304,1577,301,0,1715,684,4725,15124,2788,4658,5532,7844,3412,807,220,2788,22473,17815,12283,4439,1027,220,1106,11376,9207,6323,2152,523,82,1682,11097,8608,5960,2287,504,138,5,56,420,333,11093,10055,21148,841,448,1289,185,18,217,0,18288,1091,972,37,0,0,442,32,2894,170,1034,111,1270,768685,2418,462,194,3850,5335,9185,22291,174,1661,3818,8105,2528,1549,340,0.426941666666667,2.1075
"38","BK77",61817,963806,31752,30065,23777,22519,46296,382.6,376.8,393.5,22177,7838,3645,126,0,26516,1515,46357,18885,18411,7619,5333,4196,1388,274,38,18411,18848,11229,5896,1700,312,38,9606,9202,5032,2736,722,209,23,8805,9646,6197,3160,978,103,15,324,295,2235,1926,17855,12633,30488,1689,1406,3095,4010,791,28,0,12308,1495,1758,102,0,0,679,56,21458,2082,11663,651,2841,498817,2687,2078,1134,20259,17428,37687,23988,291,2536,4170,8165,4994,4632,1262,0.454069230769231,3.19
"39","BK78",71247,1138519.95,33944,37303,24576,28779,53355,634.1,610.3,647.3,27651,22571,1602,538,11,16670,2204,42733,24164,15225,11797,9343,5822,1856,199,149,15225,29166,17369,8026,2204,348,149,6916,13448,7759,3718,925,229,135,8309,15718,9610,4308,1279,119,14,182,65,2439,1918,17522,16894,34416,2238,2533,4771,10384,1781,286,52,14870,1478,919,121,11,0,960,211,18803,2834,6986,1128,4120,840415,5071,3271,1488,20943,17634,38577,32018,487,1881,5121,8419,5635,5098,1462,0.444538095238095,3.00190476190476
"40","BK79",31831,433748.3,14343,17488,9737,12812,22549,323.7,305.9,336,1387,25768,183,104,21,4024,344,6143,11686,4847,6448,5041,2114,452,45,63,4847,14163,7715,2674,560,108,63,2326,5738,2939,733,81,36,29,2521,8425,4776,1941,479,72,34,153,28,994,921,6185,7860,14045,888,818,1706,11593,1374,52,7,523,66,145,0,0,0,226,128,2507,224,1506,131,2331,362434,2516,937,1035,9529,7281,16810,14912,77,621,1927,3523,1896,2608,1142,0.50508,2.644
"41","BK81",55412,727410.62,22458,32954,13839,24694,38533,459.2,383.4,508.8,3212,45867,633,180,15,4620,885,10378,20316,8733,12198,8013,2263,708,148,62,8733,23392,11194,3181,918,210,62,2946,8068,3306,832,255,97,52,5787,15324,7888,2349,663,113,10,179,113,1911,2266,7778,13479,21257,1583,1805,3388,18154,2768,65,0,866,125,262,0,0,0,190,57,3227,652,1684,438,5049,426336,4739,2264,1863,21755,13150,34905,19853,268,1060,2265,4596,3345,4402,1247,0.480126666666667,2.68866666666667
"42","BK82",91956,1069761.9644,40807,51149,26896,37758,64654,847.8,758.4,920.3,16326,65258,1625,171,276,7030,1270,25812,30771,13229,21876,11988,4340,1851,210,78,13229,40343,18467,6479,2139,288,78,5754,15756,6256,2269,686,136,37,7475,24587,12211,4210,1453,152,41,130,233,3334,3336,16555,20690,37245,2676,2320,4996,26630,3467,94,40,5756,776,719,86,143,0,563,125,10200,1551,3314,502,6309,936755,5942,2706,2648,30471,21523,51994,39378,239,1583,3464,9378,8630,5908,1976,0.469051851851852,2.98814814814815
"43","BK83",47526,797781.07,22721,24805,15788,18294,34082,496.5,468.2,524.1,23808,13207,3483,90,0,6226,712,29024,13634,8322,11332,5121,2086,748,140,35,8322,19462,8130,3009,923,175,35,3687,8908,3464,1238,343,64,20,4635,10554,4666,1771,580,111,15,150,35,1815,1830,10945,9679,20624,810,799,1609,5684,539,15,0,10226,561,1430,157,0,0,342,69,12813,944,2889,283,2187,648452,2321,805,775,13220,11018,24238,23169,57,508,2068,6256,4935,3483,1059,0.472225,3.46
"44","BK85",29854,429098.54,13076,16778,8234,11699,19933,258,221.2,285.1,3381,21770,240,66,29,4003,365,8720,9841,4968,5785,3821,1153,353,40,72,4968,11224,5439,1618,465,112,72,1812,4481,1713,553,186,52,39,3156,6743,3726,1065,279,60,33,60,132,1076,1231,5692,7331,13023,1029,1147,2176,10105,1888,27,0,1167,83,91,0,19,0,155,26,3211,370,1416,179,2335,283190,1681,831,1038,11453,5886,17339,12026,127,627,1186,2345,2212,2654,1035,0.4881,2.99555555555556
"45","BK88",106203,1560260.03,54766,51437,33195,32705,65900,742.1,710.7,783.3,85730,901,12991,25,0,6175,381,11039,28325,15325,20096,9416,6134,2826,873,359,15325,39704,19608,10192,4058,1232,359,8266,19146,10205,5499,2380,880,237,7059,20558,9403,4693,1678,352,122,156,139,3412,3071,22353,16176,38529,1612,1098,2710,425,22,12,0,28421,2086,6050,439,0,0,227,0,5821,329,3375,163,2375,1103775,6520,1765,1987,36334,27502,63836,41766,834,6833,7475,5933,4057,5889,1494,0.466164285714286,3.73571428571429
"46","BK90",33155,468975.876,15587,17568,13189,15754,28943,341.3,333.6,350.1,20732,3455,3951,191,0,4241,585,10927,14888,5964,5061,4724,6223,2474,475,140,5964,19097,14036,9312,3089,615,140,2591,9102,6746,4270,1369,251,93,3373,9995,7290,5042,1720,364,47,43,56,680,652,9736,9991,19727,916,793,1709,1318,237,104,31,14008,1014,2143,138,0,0,250,36,5154,605,1888,253,1481,519058,3508,1103,553,7488,7188,14676,18471,270,939,4017,7764,2113,1351,187,0.44139,2.189
"47","BK91",52657,828555.93,23220,29437,17892,23336,41228,728.6,691.7,745.7,1586,48539,516,29,8,1054,925,3283,18217,4350,13313,10040,5720,2095,411,165,4350,31744,18431,8391,2671,576,165,2131,13406,7291,3383,1027,296,58,2219,18338,11140,5008,1644,280,107,72,5,1416,1494,12611,15559,28170,1681,1374,3055,26203,2827,29,0,803,107,323,21,8,0,419,50,1408,201,385,50,1456,1114112,5081,926,580,6055,9693,15748,36857,84,1045,4149,6974,4606,5503,1798,0.400457894736842,2.95368421052632
"48","BK93",12822,62938.59,4442,8380,3083,7084,10167,84.1,60.6,91.8,5022,6231,319,110,0,869,271,2696,6378,1582,2827,2423,1094,757,93,55,1582,7249,4422,1999,905,148,55,576,2045,1009,388,178,85,45,1006,5204,3413,1611,727,63,10,0,0,418,215,1540,3296,4836,393,275,668,2896,479,67,24,1356,134,158,17,0,0,77,14,940,128,282,0,1521,49725,2224,1149,213,4030,2799,6829,5984,16,350,432,1248,908,721,447,0.4818,2
"49","BK95",29933,413885.35,13695,16238,9693,12837,22530,236.3,221.6,254.2,1131,26096,899,1,0,1161,645,2970,10222,3931,7110,5053,2259,671,154,88,3931,15335,8225,3172,913,242,88,1688,6598,3386,1336,446,161,81,2243,8737,4839,1836,467,81,7,73,22,1038,888,6861,8577,15438,1138,978,2116,13836,1941,0,0,385,0,318,31,0,0,307,66,1321,104,563,78,1152,285001,2091,577,457,5758,7472,13230,16415,52,675,1848,3158,2505,3005,1340,0.442857142857143,2.91857142857143
"50","BK96",56277,816467.36,25251,31026,18576,25163,43739,655,584.9,692.3,1153,52145,965,178,0,1273,563,2617,20055,6678,13841,11046,4550,1778,197,70,6678,31482,17641,6595,2045,267,70,2638,13425,7079,2217,573,92,17,4040,18057,10562,4378,1472,175,53,29,142,1605,1344,12308,16347,28655,1539,1662,3201,26550,2977,91,11,540,79,582,6,0,0,257,42,1115,143,587,86,2213,895192,5175,1141,921,8900,11371,20271,35729,317,1468,3621,5094,4374,6548,3057,0.421858823529412,2.82882352941176
"51","BK99",416,NA,180,236,134,154,288,NA,NA,NA,286,95,0,0,0,0,35,86,170,73,43,7,75,25,28,0,73,178,135,128,53,28,0,27,88,68,61,8,0,0,46,90,67,67,45,28,0,0,0,0,12,107,130,237,0,19,19,58,19,0,0,144,0,0,0,0,0,35,0,75,0,0,0,0,NA,47,36,0,162,58,220,196,0,0,12,66,65,6,7,NA,NA
"52","BX01",30715,494933.93,13919,16796,8718,12203,20921,219.6,198.5,251.1,2663,14602,42,210,0,12441,757,17094,9847,7126,4515,3495,1090,275,50,0,7126,9425,4910,1415,325,50,0,2610,4085,2133,567,117,43,0,4516,5340,2777,848,208,7,0,165,100,1487,1263,4977,6123,11100,1055,1434,2489,5450,1312,62,16,830,195,29,0,0,0,319,112,6116,1345,4410,854,2584,197591,2349,2033,1365,14089,7521,21610,8578,79,611,1221,1724,1465,1758,1053,0.458575,3.06625
"53","BX03",36676,243932.46,16439,20237,11300,15203,26503,286.9,257.5,305.5,2721,26778,372,157,0,5821,827,9050,11599,4879,6025,7005,3045,1166,164,29,4879,17434,11409,4404,1359,193,29,2222,6898,4137,1227,269,51,6,2657,10536,7272,3177,1090,142,23,120,55,1453,1567,7922,10145,18067,1646,1329,2975,13919,2274,91,32,1061,145,205,0,0,0,351,38,3758,689,2397,486,1320,390639,2500,933,569,6771,7318,14089,22161,81,1187,3075,2581,1964,3806,1528,0.3980125,3.0875
"54","BX05",52591,1093190.63,24990,27601,17576,20154,37730,341.8,321.4,362.2,8638,11210,2535,217,16,28517,1458,35907,18253,11469,8727,7406,3071,786,330,56,11469,20376,11649,4243,1172,386,56,5410,9264,5195,1429,387,143,12,6059,11112,6454,2814,785,243,44,231,175,1665,1623,12441,11390,23831,1708,1450,3158,5381,946,102,9,3302,572,1281,138,16,0,467,98,16138,1858,13240,1395,3248,322405,3323,2175,1269,17301,15160,32461,19924,59,1557,3674,4278,4322,4136,1153,0.478954545454545,2.94272727272727
"55","BX06",25783,323448.34,12173,13610,8389,10217,18606,129.8,125.5,138.1,7599,5558,642,110,0,11030,844,15391,8319,5182,3297,2760,759,466,113,14,5182,7409,4112,1352,593,127,14,2188,3546,1854,725,308,70,1,2994,3863,2258,627,285,57,13,128,159,1271,1568,5191,4675,9866,474,683,1157,2047,365,10,0,2774,321,183,32,0,0,428,25,6281,712,4424,414,2201,107846,1794,1215,1076,10981,6376,17357,5645,59,1786,1432,1621,934,1178,948,0.46294,2.71
"56","BX07",33728,523326.72,16080,17648,12038,13901,25939,297.8,262.8,317.2,8431,11051,1445,104,0,11213,1484,16914,13479,6374,6407,5728,2930,985,138,158,6374,16346,9939,4211,1281,296,158,3254,7179,4150,1693,464,155,98,3120,9167,5789,2518,817,141,60,59,12,1051,977,8297,8210,16507,1412,926,2338,5754,745,86,12,3560,640,701,82,0,0,685,79,7991,1092,5721,780,2564,282549,3170,1398,863,7977,8299,16276,17038,18,1263,2742,2714,2135,3830,571,0.449225,2.485
"57","BX08",35325,461806.14,17175,18150,12073,13435,25508,223.9,215.7,226.8,5145,10975,981,161,0,15395,2668,23944,11448,7841,6195,4435,2182,771,95,28,7841,13706,7511,3076,894,123,28,4033,6185,3204,1130,280,61,11,3808,7521,4307,1946,614,62,17,92,110,880,1120,8704,7686,16390,980,1039,2019,5260,710,0,0,2208,156,558,43,0,0,1035,179,10943,1307,7329,931,2039,228883,2422,1123,936,11184,8745,19929,15296,73,1176,2359,2616,2259,3671,1187,0.476957142857143,3.06142857142857
"58","BX09",53800,455122.73,23977,29823,16980,23469,40449,413.4,374.9,445.6,8785,20748,898,131,0,21794,1444,33128,18657,9477,10129,8741,3942,1489,219,60,9477,24580,14451,5710,1768,279,60,3797,9954,5222,1866,513,115,36,5680,14626,9229,3844,1255,164,24,153,62,1977,1778,10411,12535,22946,1093,801,1894,9569,1058,84,10,3659,379,364,0,0,0,643,47,13306,947,8627,400,2510,490852,5594,2341,886,12669,11957,24626,28851,199,1657,3544,4682,2120,6037,2076,0.458366666666667,3.00833333333333
"59","BX10",26139,169827.815,12231,13908,10153,11661,21814,267.5,255.6,280.1,18673,680,905,16,0,5284,581,8201,11247,3762,5805,4989,3095,1609,567,133,3762,16198,10393,5404,2309,700,133,1363,7880,5311,2560,1117,421,57,2399,8318,5082,2844,1192,279,76,0,28,511,522,7232,6873,14105,743,427,1170,414,52,16,0,9550,726,510,28,0,0,238,39,4843,408,3377,325,961,340905,4015,582,107,2657,4087,6744,19140,233,1633,2916,2408,1452,2912,834,0.430983333333333,2.35333333333333
"60","BX13",44304,110145.57,19239,25065,15535,20829,36364,128.5,121.7,133.7,8010,28450,533,234,0,5545,1532,12529,18258,5500,9170,9814,5002,2423,340,130,5500,26879,17709,7895,2893,470,130,2268,11466,6591,2495,871,231,72,3232,15413,11118,5400,2022,239,58,58,56,1129,1182,9652,11625,21277,1224,1263,2487,14560,1686,48,20,3051,284,179,57,0,0,798,133,5768,560,2603,307,1485,132948,6761,975,550,5235,7147,12382,30323,151,1451,3205,3644,2161,4611,2940,0.454033333333333,2.48
"61","BX14",63504,1487556.16,30751,32753,21698,24299,45997,463.9,429.9,493.3,8385,27358,644,425,0,25201,1491,36303,21343,14870,9297,9237,3602,1391,254,78,14870,23859,14562,5325,1723,332,78,6810,10935,6032,2148,657,167,23,8060,12924,8530,3177,1066,165,55,401,218,2285,2146,14483,13718,28201,2315,2026,4341,12411,2061,62,7,3265,502,313,26,0,0,438,70,15989,2404,11647,1675,4268,401452,5136,2913,2347,21370,18220,39590,22574,253,1391,3863,5959,4081,4679,1762,0.45325,2.91
"62","BX17",41871,765298.01,18907,22964,12056,16719,28775,345,296.9,385.7,6583,14010,356,107,0,19278,1537,29037,14245,9212,6483,5243,1832,330,79,0,9212,13967,7484,2241,409,79,0,3479,5693,2794,854,92,22,0,5733,8274,4690,1387,317,57,0,152,201,1771,1729,7938,8841,16779,1334,1813,3147,5993,1152,50,16,2423,492,260,26,0,0,619,157,11147,2009,7389,1304,3827,248589,3022,2764,1945,18400,10537,28937,12136,228,1253,2332,2600,2295,2943,1055,0.50305,2.89916666666667
"63","BX22",26839,176474.252,12747,14092,10305,11641,21946,350,337.4,362.5,19933,2204,1643,0,0,2511,548,4941,10909,1490,2817,3200,4982,3311,1647,1012,1490,16969,14152,10952,5970,2659,1012,687,7869,6523,4987,2646,1596,555,803,9100,7629,5965,3324,1063,457,0,0,922,982,6588,6685,13273,371,399,770,1142,27,0,0,9872,581,895,58,0,0,140,0,2548,240,1215,104,624,NA,3722,227,129,1582,2588,4170,19644,143,1458,2254,2139,1883,2720,842,NA,2.35555555555556
"64","BX26",37065,466473.5,17461,19604,11662,14036,25698,212.3,205.1,222.4,5464,14834,158,204,0,15769,636,23380,12711,7784,5945,5575,1459,560,112,28,7784,13679,7734,2159,700,140,28,3265,6304,3458,1012,316,13,0,4519,7375,4276,1147,384,127,28,117,215,1385,1444,7733,8293,16026,1201,1595,2796,6778,1306,110,21,2103,497,62,0,0,0,200,39,9563,1517,6773,933,2480,179813,2363,2080,1433,14117,11063,25180,11506,55,1023,2413,3556,2132,2317,814,0.454414285714286,2.88714285714286
"65","BX27",27562,394247.975,13202,14360,8902,10010,18912,228.5,208.5,246,7299,7759,149,54,12,10920,1369,20729,8877,7125,3980,3081,1032,257,44,0,7125,8394,4414,1333,301,44,0,3400,3711,1618,528,76,8,0,3725,4683,2796,805,225,36,0,175,101,893,845,4883,5754,10637,792,1318,2110,2933,571,16,0,2790,452,70,19,0,0,556,170,8093,1545,4251,898,2360,149520,2074,1590,997,11929,7075,19004,7474,96,957,1374,1869,1374,1843,378,0.489625,2.9375
"66","BX28",49715,1001408.73,22577,27138,16742,21042,37784,351.1,332,369.6,11673,11424,1776,241,27,22229,2345,31698,17347,8554,8905,8267,3988,1748,238,84,8554,23230,14325,6058,2070,322,84,3841,10133,6290,2545,895,229,52,4713,13097,8035,3513,1175,93,32,300,97,1445,1438,12422,13194,25616,1637,1955,3592,6078,954,143,9,5391,466,1016,130,14,14,1009,315,16061,2181,11957,1704,2084,407304,3711,1441,1126,12422,11919,24341,24270,92,1925,3305,4463,3326,5634,1556,0.42557,2.847
"67","BX29",29848,334290.74,14091,15757,11130,13169,24299,398.3,371.8,432.1,17626,2565,1964,118,0,6271,1304,10811,12741,2802,3692,4828,4941,3704,1120,965,2802,19250,15558,10730,5789,2085,965,1245,8597,7056,4665,2409,1151,605,1557,10653,8502,6065,3380,934,360,20,0,668,499,7612,7626,15238,648,595,1243,1400,133,89,0,8829,779,1178,0,0,0,594,74,5377,394,3148,257,841,638759,3897,676,264,3134,4300,7434,21262,126,1238,2393,2644,2497,3242,808,0.430166666666667,2.23888888888889
"68","BX30",30599,456852.04,13741,16858,10390,13060,23450,211.4,198.5,223.5,3344,6914,1999,152,0,16964,1226,20962,10599,6199,5757,4444,2468,643,129,26,6199,13467,7710,3266,798,155,26,2814,5913,3306,1388,319,82,10,3385,7554,4404,1878,479,73,16,78,109,924,954,7353,8083,15436,1378,1405,2783,3577,674,62,34,1346,179,958,154,0,0,504,60,10761,1961,8989,1682,1894,199619,2221,1518,710,9662,8947,18609,11098,137,1016,1710,2616,2170,2688,1267,0.44155,2.72166666666667
"69","BX31",33404,331853.6,16059,17345,11896,13812,25708,436.2,417.4,444.3,11740,11344,3115,89,0,5993,1123,9570,9707,4394,6223,5760,3686,1812,401,259,4394,18141,11918,6158,2472,660,259,2075,8278,5462,2772,834,347,131,2319,9863,6456,3386,1638,313,128,42,3,801,982,7601,8215,15816,1059,1215,2274,6022,1084,48,0,5040,378,1555,196,0,0,243,20,4411,734,2890,596,971,740550,2981,719,436,4284,4782,9066,22589,57,1841,3569,2638,1445,2484,824,0.425781818181818,3.25454545454545
"70","BX33",25542,331591.53,11721,13821,7345,9834,17179,141.4,120.1,152.9,4114,8060,323,54,21,12178,792,18343,8318,6226,3705,3114,744,290,24,47,6226,7924,4219,1105,361,71,47,2750,3074,1346,341,138,54,30,3476,4850,2873,764,223,17,17,154,169,1155,869,4838,4630,9468,515,660,1175,2682,408,29,0,1488,210,153,32,11,0,247,48,7017,777,4858,477,2227,102323,1885,1738,792,10009,7218,17227,7876,196,774,1250,2131,1182,1621,544,0.48754,2.932
"71","BX34",39020,515108.29,17157,21863,10495,15835,26330,223.2,193.3,241.9,7846,14752,216,549,0,14802,855,26936,12776,9340,5651,4454,1458,436,8,0,9340,12007,6356,1902,444,8,0,3804,4550,2067,492,63,8,0,5536,7457,4289,1410,381,0,0,126,184,874,1219,6830,8680,15510,1426,1332,2758,5841,1155,301,19,2948,536,99,0,0,0,302,67,10701,1863,5963,981,2998,206117,3123,2471,1664,15825,12025,27850,10693,143,1262,1996,3336,1887,2606,829,0.4538625,3.08625
"72","BX35",37872,530614.12,17261,20611,11602,14886,26488,232.5,206.9,258.2,4171,15729,230,158,35,15929,1620,23023,12475,8402,5894,5237,1539,521,57,55,8402,13303,7409,2172,633,112,55,3577,5466,2697,688,210,40,40,4825,7837,4712,1484,423,72,15,95,156,1405,1469,7366,8707,16073,1573,1366,2939,7048,1433,36,0,1553,320,77,4,18,8,617,139,9510,1690,6707,1035,2892,201923,2877,1880,1565,13977,11200,25177,12387,416,630,2005,3143,2034,2863,1187,0.4634625,2.98625
"73","BX36",53944,1061214.26,25476,28468,17802,20873,38675,NA,NA,NA,6643,18872,321,215,48,25454,2391,35847,17631,11063,9474,7363,2480,741,132,146,11063,20336,10862,3499,1019,278,146,4932,9237,4360,1243,251,44,28,6131,11099,6502,2256,768,234,118,336,251,1954,2140,12936,13430,26366,2586,2852,5438,9671,2276,69,13,2645,694,77,0,48,0,804,162,17303,3339,13022,2293,3451,NA,2882,2563,2305,20369,15105,35474,17687,95,1622,3514,4163,3592,4259,1483,NA,NA
"74","BX37",30098,400404.541,14583,15515,10712,11585,22297,429.6,424.8,432.5,10876,3115,2682,108,7,12181,1129,16390,9657,5510,5601,4338,2582,905,284,118,5510,13828,8227,3889,1307,402,118,2848,6294,3520,1573,615,208,62,2662,7534,4707,2316,692,194,56,39,12,823,709,7474,6984,14458,886,872,1758,1412,175,45,20,5266,584,1376,150,0,0,478,48,7729,1011,5872,781,969,544692,2422,660,610,6717,6668,13385,15995,136,1493,2508,2501,1696,2984,780,0.3996,3.12083333333333
"75","BX39",52132,803806.712,25356,26776,16973,19432,36405,399,359.7,440.1,16636,18550,572,262,10,15069,1033,37563,17497,13379,8129,5667,1995,541,34,36,13379,16402,8273,2606,611,70,36,6259,7236,3130,1145,347,4,4,7120,9166,5143,1461,264,66,32,348,135,2244,1956,11097,9550,20647,1624,1656,3280,7212,1766,129,9,6466,737,228,0,0,0,406,41,14830,1870,6189,727,4511,292015,4348,3623,1959,22789,16205,38994,12684,106,1529,2324,4868,3320,3293,908,0.462415384615385,2.89692307692308
"76","BX40",26336,597576.77,11876,14460,7316,9918,17234,134.4,117.1,147.9,3050,9302,194,179,36,12682,893,18064,8338,6128,3429,2879,1091,370,64,68,6128,7901,4472,1593,502,132,68,2532,3067,1586,523,187,73,9,3596,4834,2886,1070,315,59,59,362,153,1225,840,5324,6390,11714,1005,1371,2376,4210,872,90,15,1292,295,175,18,18,0,252,83,7709,1639,5677,1093,1812,122945,1345,1261,1112,11596,6462,18058,7979,68,1010,1474,1937,1780,1772,474,0.46806,3.058
"77","BX41",52237,1328443.38,25515,26722,17593,19595,37188,410.6,385.7,431.3,7101,16927,1159,399,40,24954,1657,35935,16528,11949,7893,7293,2486,705,392,28,11949,18797,10904,3611,1125,420,28,5099,9228,5227,1798,567,216,27,6850,9569,5677,1813,558,204,1,371,102,2103,1914,12718,11845,24563,2317,1991,4308,8196,1625,196,45,3023,517,625,0,0,0,572,79,16529,2796,11951,2042,3064,374998,2501,2619,2040,19362,14395,33757,17888,177,1863,3165,5307,3095,3685,1319,0.457092307692308,3.10461538461538
"78","BX43",41217,546130.51,19023,22194,13157,16554,29711,217,203.6,224.8,9133,9530,3570,284,0,16814,1886,23125,14192,7170,7493,5269,3356,1019,361,164,7170,17662,10169,4900,1544,525,164,2855,7758,4251,2081,745,236,80,4315,9904,5918,2819,799,289,84,239,12,1291,950,9959,9732,19691,1154,1335,2489,4959,662,96,0,4333,432,1516,112,0,0,784,156,11070,1551,7990,1127,2012,259905,2645,1481,735,11083,11638,22721,17869,158,1797,2581,2916,3136,4861,896,0.4511,2.82714285714286
"79","BX44",61503,978497.89,27457,34046,19027,25462,44489,677.8,622.2,726.5,4304,45664,1038,349,32,8574,1542,13502,20322,8770,11021,11118,5443,1614,141,99,8770,29436,18415,7297,1854,240,99,3849,12099,7009,2427,604,88,47,4921,17337,11406,4870,1250,152,52,172,89,1930,1868,13136,16620,29756,2145,2453,4598,23058,3580,212,93,1649,165,546,55,30,0,425,48,5550,845,3805,657,2625,845829,4927,1634,1429,13046,15334,28380,32297,131,1797,4897,4892,3316,6094,2676,0.425105,3.03
"80","BX46",30376,498327.97,14394,15982,10708,12513,23221,182.1,183.2,181.9,3536,15025,3776,125,0,6528,1386,10749,12590,3871,5088,6547,3629,1605,160,55,3871,17084,11996,5449,1820,215,55,1810,7811,5412,2436,706,114,28,2061,9273,6584,3013,1114,101,27,0,0,688,609,7857,8044,15901,824,679,1503,8349,737,41,0,1709,213,1708,148,0,0,767,80,5480,623,3327,325,1096,237017,2532,935,237,5096,6319,11415,18937,115,813,1591,3005,2691,4607,990,0.38318,2.48
"81","BX49",30191,499814.408,14417,15774,10931,13059,23990,347.4,334.2,355.9,14174,3125,4552,85,0,7613,642,11035,11364,5248,5522,4477,3577,1478,568,521,5248,16143,10621,6144,2567,1089,521,2389,7377,4654,2455,930,524,237,2859,8766,5967,3689,1637,565,284,10,19,572,722,7494,7118,14612,478,563,1041,1838,95,40,0,6299,617,2229,102,0,0,269,43,5412,433,3937,184,1053,435733,2970,752,272,4797,5868,10665,18963,136,1812,2871,2420,1895,3278,721,0.410655555555556,2.58777777777778
"82","BX52",46104,297663.8433,22319,23785,17240,18837,36077,602,572.7,627.9,27274,5330,1091,246,0,10700,1463,18254,16655,5669,10268,8213,4318,2226,310,122,5669,25457,15189,6976,2658,432,122,2422,11868,7223,3196,1025,178,44,3247,13589,7966,3780,1633,254,78,25,39,1442,1312,11876,11076,22952,1252,1199,2451,2236,318,98,0,13907,1416,524,23,0,0,496,46,9052,922,5639,648,1423,958549,5119,842,516,7079,5918,12997,31986,289,2492,5111,3818,2239,3365,2009,0.397386666666667,2.71066666666667
"83","BX55",35886,608956.73,17126,18760,12216,13453,25669,293.8,298,294.1,5343,10734,2661,500,0,13700,2948,23070,11247,8443,5988,4749,1792,464,44,5,8443,13042,7054,2305,513,49,5,4097,6206,2992,776,200,14,0,4346,6836,4062,1529,313,35,5,118,230,1049,1290,8483,7233,15716,885,1319,2204,4905,842,336,62,2251,335,1186,182,0,0,955,228,10136,1337,6073,555,2075,286087,2791,1250,1031,12635,8989,21624,13874,126,977,1904,2400,2109,4171,796,0.472277777777778,3.09888888888889
"84","BX59",27483,287616.081,12736,14747,9024,10592,19616,230.1,228.7,231.5,4536,5255,3992,117,0,12204,1379,16952,8788,4924,4943,4081,2274,504,48,14,4924,11864,6921,2840,566,62,14,2289,5349,3049,1100,223,40,14,2635,6515,3872,1740,343,22,0,97,123,1142,1173,6902,5935,12837,989,812,1801,2530,288,29,0,1920,349,1925,265,0,0,530,70,7853,1196,5903,829,948,307537,1708,588,422,5920,6543,12463,14781,156,1056,1610,2088,1577,3390,782,0.432428571428571,3.09571428571429
"85","BX62",45805,458501.38,20888,24917,15376,19689,35065,524.8,479.3,555.2,9431,29599,1589,119,0,4424,643,7130,15128,5611,9463,7379,5091,2191,472,159,5611,24755,15292,7913,2822,631,159,2422,10453,6014,2963,1032,286,56,3189,14302,9278,4950,1790,345,103,127,28,1273,1236,11023,13054,24077,1596,1320,2916,15630,1889,27,0,4787,637,1002,46,0,0,356,42,3588,467,2275,302,1069,795616,4521,571,465,6644,7505,14149,31545,60,1822,4441,4958,2352,4312,2129,0.3887,2.92571428571429
"86","BX63",39680,801665.8,18695,20985,12736,14866,27602,218.9,203.7,231.1,6997,11943,946,483,0,18172,1139,27766,12795,9148,6392,5309,1900,481,154,22,9148,14258,7866,2557,657,176,22,4204,6354,3408,1100,376,103,0,4944,7904,4458,1457,281,73,22,195,147,1080,1373,9477,9084,18561,1332,1234,2566,5505,686,166,3,2831,472,487,61,0,0,491,90,13046,1733,9020,1254,2027,207197,2299,1646,1203,14327,11018,25345,14110,164,1488,2192,4550,2835,2978,723,0.425928571428571,3.10571428571429
"87","BX75",20352,239067.16,9505,10847,5964,7461,13425,168.5,162.5,182.2,2464,5619,129,227,24,11304,585,14588,6912,4581,2896,2301,1067,203,36,39,4581,6542,3646,1345,278,75,39,1952,2931,1405,587,155,47,28,2629,3611,2241,758,123,28,11,55,142,804,842,3761,4237,7998,689,607,1296,2280,440,65,0,936,78,26,11,11,11,197,5,5547,842,4483,751,1758,155441,1632,1004,666,8520,5788,14308,5935,124,631,1279,1403,931,1340,509,0.444283333333333,3.09666666666667
"88","BX98",9741,15974.23,8821,920,8226,920,9146,29.2,28.8,34.9,1421,5706,202,7,0,2205,200,3304,0,4285,1063,740,115,7,0,5,4285,1930,867,127,12,5,5,3763,1760,766,95,7,0,0,522,170,101,32,5,5,5,1168,16,1406,34,0,0,0,0,0,0,0,0,0,0,0,0,0,0,0,0,0,0,0,0,0,0,0,NA,0,0,0,0,0,0,0,0,0,0,0,0,0,0,NA,NA
"89","BX99",1377,2062.683807,643,734,423,563,986,NA,NA,NA,293,438,89,0,0,493,64,789,482,241,217,245,130,47,0,7,241,646,429,184,54,7,7,108,278,161,79,18,7,7,133,368,268,105,36,0,0,0,19,26,40,293,401,694,53,41,94,197,27,0,0,176,24,70,12,0,0,42,0,357,55,209,31,55,NA,72,43,7,277,299,576,709,0,44,139,91,61,177,53,NA,NA
"90","MN01",50358,737692.57,24812,25546,19000,20455,39455,258.7,244.6,273.6,17310,6407,737,204,18,23174,2508,37889,18168,10590,6184,7014,6324,3155,523,383,10590,23583,17399,10385,4061,906,383,4950,11056,8002,4910,1769,515,206,5640,12527,9397,5475,2292,391,177,281,76,1350,1136,15032,13546,28578,2018,2121,4139,3401,506,82,1,10925,1002,561,92,18,0,1244,74,20253,3474,12341,2464,1886,301285,3793,2097,913,12161,14618,26779,23385,211,2210,3927,5309,4998,4309,1181,0.434528571428571,2.67142857142857
"91","MN03",78193,1415043.69,36230,41963,27156,33705,60861,575.5,539.5,600.4,10012,53918,2097,284,224,7407,4251,17786,33203,11793,12359,12767,8751,4474,1287,396,11793,40034,27675,14908,6157,1683,396,5137,17337,11579,6348,2521,786,148,6656,22697,16096,8560,3636,897,248,310,268,2593,2084,17961,20430,38391,3064,3051,6115,25444,4424,175,40,6244,700,1155,76,0,0,1928,255,8034,1580,3415,620,5799,561459,7355,3399,2114,22059,19276,41335,36327,308,1999,6352,11107,4234,4381,848,0.4997,2.27625
"92","MN04",51527,635532.49,24592,26935,19196,21615,40811,230.3,223.9,241.6,12216,21968,844,241,23,7880,8355,25515,18678,8930,7413,8017,6250,2987,706,360,8930,25733,18320,10303,4053,1066,360,4009,12098,8235,4478,1608,499,103,4921,13635,10085,5825,2445,567,257,153,115,1208,1458,14046,13605,27651,1936,1289,3225,11264,1469,145,18,7851,752,613,49,23,0,3752,486,11808,1543,3957,451,2821,268970,4522,1582,840,14438,11745,26183,25092,161,1291,5085,8397,3959,2576,909,0.521128571428571,2.71714285714286
"93","MN06",23845,415477.11,11266,12579,8640,10034,18674,NA,NA,NA,4486,8816,856,12,0,6970,2705,13312,8130,5695,3483,3183,2014,960,45,42,5695,9727,6244,3061,1047,87,42,2732,4360,2682,1236,511,25,8,2963,5367,3562,1825,536,62,34,115,47,824,555,5319,5634,10953,640,393,1033,3833,254,0,0,2433,159,584,69,0,0,1329,128,5267,702,2774,423,1745,NA,1902,1080,664,8540,5991,14531,9114,157,454,1845,3973,1280,931,483,NA,NA
"94","MN09",54326,885025.472,23401,30925,20591,27898,48489,300.6,300.6,314.9,30773,8339,7845,29,0,4927,2413,12360,20166,4182,4011,3853,8069,8942,1915,3260,4182,30050,26039,22186,14117,5175,3260,1570,13467,11610,9992,6638,2968,1844,2612,16583,14429,12194,7479,2207,1416,55,25,2343,3856,12033,13675,25708,845,894,1739,3374,278,21,21,16116,1000,3600,140,0,0,923,125,4614,438,1674,175,3309,584877,4225,1167,661,10397,7107,17504,26450,416,4139,5737,6845,2677,1532,414,0.54904,2.153
"95","MN11",46694,935588.42,21442,25252,16112,20418,36530,346.6,341.5,355.8,10227,28198,1809,159,0,4702,1599,8793,18506,5240,6470,6492,7096,4652,1006,451,5240,26167,19697,13205,6109,1457,451,2304,11381,8399,5720,2658,759,284,2936,14786,11298,7485,3451,698,167,61,30,1019,1101,10881,12483,23364,996,975,1971,12843,1328,57,10,6730,374,1044,17,0,0,789,138,3617,277,1868,104,2949,461086,3067,1504,1096,12352,8282,20634,25727,89,1554,5339,7666,2591,1606,575,0.53362,2.413
"96","MN12",135718,1783486.99,62611,73107,52128,62300,114428,656.5,656.8,658.6,101748,15405,8779,735,0,4240,4811,20255,66941,6896,9008,13163,33730,25674,11307,6819,6896,99701,90693,77530,43800,18126,6819,2866,46078,41765,35818,20803,9542,3441,4030,53623,48928,41712,22997,8584,3378,30,91,1461,1492,39986,41341,81327,2506,2516,5022,6482,886,264,32,64845,3258,5712,435,0,0,1814,137,9261,1087,2172,274,5522,1523418,16149,2818,1162,14605,13465,28070,106147,951,4993,24048,25664,7640,3728,1193,0.56453125,1.97875
"97","MN13",69299,998832.399,34899,34400,31888,30838,62726,556.2,581.1,531.6,50798,3972,8240,459,0,2549,3281,10649,39072,3471,4394,7948,21474,11590,5111,2260,3471,52777,48383,40435,18961,7371,2260,1557,27904,25391,21229,9702,3817,1336,1914,24873,22992,19206,9259,3554,924,6,42,590,1173,26218,21632,47850,1873,1691,3564,2116,336,344,82,36317,2331,6298,417,0,0,1488,233,6026,611,1287,165,2720,1493443,6786,1330,648,7845,6709,14554,52809,706,8322,17693,9580,2067,1593,945,0.561373333333333,1.72066666666667
"98","MN14",60205,853817.3,28883,31322,24121,27166,51287,317.7,310.8,319.8,48136,2530,6573,44,10,922,1990,6563,32169,1827,3005,4848,16447,13192,6495,2179,1827,46166,43161,38313,21866,8674,2179,802,21550,20435,18385,10625,4599,1082,1025,24616,22726,19928,11241,4075,1097,54,0,673,802,18996,17469,36465,1188,1192,2380,911,74,34,24,30040,1905,4126,60,10,0,973,283,2899,401,371,34,1968,915858,7795,537,451,5547,4208,9755,48959,488,3201,12266,10139,2155,1369,433,0.5455,1.8275
"99","MN15",42931,531366.85,22368,20563,20669,19249,39918,256.2,262,245.7,29503,3337,5841,149,0,2589,1512,8669,25261,3116,4213,5586,12750,6491,2333,875,3116,32248,28035,22449,9699,3208,875,1494,17210,14858,11945,5155,1811,434,1622,15038,13177,10504,4544,1397,441,27,23,335,351,16869,14119,30988,1556,1356,2912,1901,402,67,0,22390,1857,4186,349,0,0,846,65,4856,486,1598,239,2068,475620,4120,870,506,5408,6819,12227,30561,519,4463,10472,7691,1564,979,604,0.525814285714286,1.73
"100","MN17",28228,418522.785,14044,14184,13382,13188,26570,745.6,756.2,NA,20563,1301,4941,99,16,519,789,2009,15964,852,1803,2518,8619,5810,2154,770,852,21674,19871,17353,8734,2924,770,524,11595,10810,9597,5081,1737,529,328,10079,9061,7756,3653,1187,241,0,0,129,1166,10792,8441,19233,600,727,1327,790,107,66,0,14089,997,3536,167,16,0,477,37,1209,107,259,19,1398,1836030,2650,383,314,3423,1801,5224,21202,447,4664,7099,2537,814,563,226,0.509076470588235,1.61705882352941
"101","MN19",48393,792659.72,22234,26159,20216,24440,44656,NA,NA,NA,39094,1093,6894,105,0,362,845,2903,29094,759,2363,5051,17290,9414,4572,1145,759,39835,37472,32421,15131,5717,1145,299,18477,17642,15768,7632,3316,611,460,21358,19830,16653,7499,2401,534,0,0,91,287,17063,17058,34121,655,1076,1731,628,27,105,0,27387,1518,5173,162,0,0,556,18,1820,148,251,6,1302,NA,6903,367,279,2606,2470,5076,43082,468,5496,13102,6686,1806,1498,587,NA,NA
"102","MN20",49515,704884.64,22559,26956,20601,24696,45297,238.8,248.5,228.4,37479,2178,6845,15,0,1995,1003,5024,26173,1274,2231,4807,15968,7841,4234,1203,1274,36284,34053,29246,13278,5437,1203,539,17080,15972,13950,6306,2852,558,735,19204,18081,15296,6972,2585,645,20,0,589,687,16146,17638,33784,900,925,1825,1123,165,15,0,26835,1456,4170,70,0,0,602,123,2817,194,1039,11,1691,649992,4628,733,298,5124,4319,9443,38225,274,5180,12378,7674,1824,1586,568,0.514471428571429,1.81428571428571
"103","MN21",26075,387816.6,11367,14708,10689,13780,24469,140.5,148.4,133.4,21094,827,2865,97,11,573,608,1682,14877,711,1500,2279,9484,4212,2062,734,711,20271,18771,16492,7008,2796,734,357,9264,8516,7241,3133,1590,360,354,11007,10255,9251,3875,1206,374,0,0,302,676,8389,10295,18684,774,978,1752,519,137,0,0,15529,1455,1897,80,11,0,358,80,1064,133,360,0,1012,390330,2652,283,318,2642,1336,3978,20707,169,2295,7382,3923,573,753,124,0.485875,1.6475
"104","MN22",43755,781548.2,21488,22267,20120,20888,41008,234.6,247.9,220.3,31859,2719,6419,88,30,1421,1219,5195,22306,2632,3832,3897,12702,6518,1717,745,2632,29411,25579,21682,8980,2462,745,1181,15384,13169,11100,4530,1458,518,1451,14027,12410,10582,4450,1004,227,31,0,1452,2178,15312,13955,29267,862,820,1682,1258,208,36,0,22611,1209,3730,175,17,0,762,38,2898,221,853,52,2335,518245,3184,675,294,6441,5312,11753,27805,619,2739,10826,7359,1604,1421,630,0.502271428571429,1.74857142857143
"105","MN23",67185,1081846.26,31731,35454,28762,32523,61285,506.6,524.5,489.4,56904,1301,5815,130,0,1128,1907,3908,37218,939,2617,5159,23511,12130,5593,3476,939,52486,49869,44710,21199,9069,3476,572,25300,24226,21725,10266,5010,2063,367,27186,25643,22985,10933,4059,1413,16,17,1407,1997,22329,23122,45451,1245,1369,2614,841,174,65,0,39104,2225,3768,174,0,0,992,0,2579,197,643,41,1882,1543420,6905,398,314,4336,4489,8825,53819,1045,6586,18813,8397,1825,884,894,0.5423,1.70571428571429
"106","MN24",40059,477391.96,20130,19929,17081,17659,34740,349.9,343.5,363.9,27666,892,9343,0,19,811,1328,2188,18761,3572,2383,2864,12192,5429,2563,1005,3572,26436,24053,21189,8997,3568,1005,1504,13483,12401,10884,4719,1949,521,2068,12953,11652,10305,4278,1619,484,0,0,506,547,13818,11898,25716,834,709,1543,558,55,0,0,19138,1094,5027,260,19,0,558,28,1101,99,416,106,1554,1129924,3200,623,209,4443,4215,8658,29350,578,3978,9697,5162,1002,999,400,0.55486,1.981
"107","MN25",37506,367771.299,18720,18786,15801,16659,32460,237.4,231,241.5,26482,1208,7133,41,0,1496,1146,3623,18931,1149,1197,3404,11466,6299,3089,1224,1149,26679,25482,22078,10612,4313,1224,389,13253,12658,10956,5494,2539,726,760,13426,12824,11122,5118,1774,498,0,0,478,454,13786,12350,26136,597,728,1325,910,93,14,1,18928,797,5110,387,0,0,506,44,1973,101,668,3,970,904097,1851,151,118,2686,1741,4427,31675,1069,4389,8913,6240,1484,809,344,0.4898,1.93142857142857
"108","MN27",46550,699498.54,23206,23344,19663,20186,39849,303.8,292.2,318.8,9695,2049,30032,266,0,3375,1133,5918,18107,14351,6686,4316,7131,1631,594,287,14351,20645,13959,9643,2512,881,287,6496,10487,7408,5074,1216,434,154,7855,10158,6551,4569,1296,447,133,63,90,1019,765,12049,11480,23529,1137,934,2071,577,148,114,25,6736,494,14332,1149,0,0,518,86,2387,304,1252,169,2999,290031,5085,2021,718,13332,11305,24637,20294,225,3120,7146,5911,1508,1837,570,0.5147,2.4
"109","MN28",74243,1326642.52,34965,39278,28962,33214,62176,605.5,577.3,635.7,28874,7840,19324,318,13,14571,3303,28817,30216,18158,11452,8428,11270,4124,825,683,18158,36782,25330,16902,5632,1508,683,7986,17495,12346,8177,2941,875,374,10172,19287,12984,8725,2691,633,309,112,115,1682,1735,17321,17038,34359,2145,1692,3837,3109,448,190,24,15456,1704,8886,675,13,13,1607,307,10564,1894,5009,666,5388,635184,10080,4715,1857,20897,17893,38790,35002,473,2381,7819,11006,3594,2721,953,0.524126666666667,2.38733333333333
"110","MN31",81378,1091131.71,36340,45038,31132,39835,70967,380.6,377.8,385.6,66070,3721,8736,59,32,889,1871,5788,43515,2663,5226,7982,24750,13399,7747,3996,2663,63100,57874,49892,25142,11743,3996,1271,27616,25240,21936,11658,6106,1997,1392,35484,32634,27956,13484,5637,1999,32,16,589,673,23679,27457,51136,1126,1419,2545,1351,104,0,0,42065,2142,6284,93,32,0,833,98,3009,209,543,108,2484,963448,9179,925,370,6110,3745,9855,68996,808,6552,14185,15092,4845,2338,899,0.5117,1.857
"111","MN32",77676,1430534.42,33428,44248,29023,39382,68405,339.2,345.8,333,64865,2669,7066,30,207,1590,1249,7105,43613,2738,4625,7040,25347,14331,6682,2427,2738,60452,55827,48787,23440,9109,2427,1110,26309,24407,21614,10531,4964,1092,1628,34143,31420,27173,12909,4145,1335,36,12,460,536,23450,28496,51946,1385,2027,3412,1574,369,30,17,43498,2572,5037,266,207,35,705,14,3689,302,895,139,2153,845466,9004,1106,371,5424,5951,11375,65860,524,2962,12262,18960,6142,2701,809,0.500977777777778,1.78111111111111
"112","MN33",59794,1238786.57,28418,31376,22084,25951,48035,374.7,335.3,406.8,22500,18032,6026,130,21,11177,1908,26328,22874,11006,9231,6524,7348,3841,1791,644,11006,29379,20148,13624,6276,2435,644,4753,13167,9044,6185,2820,1125,361,6253,16212,11104,7439,3456,1310,283,115,157,1818,1778,14383,14781,29164,1621,1690,3311,7679,1370,62,11,12607,1054,3490,251,9,0,836,57,11314,1593,4481,568,3248,461872,6014,2532,1713,14421,14658,29079,28612,440,2855,6265,8193,3309,2581,683,0.543281818181818,2.50090909090909
"113","MN34",60465,803667.11,27272,33193,19059,25861,44920,351.7,315.2,391.2,12810,23988,2239,251,26,18862,2289,31253,22183,12193,9198,7763,5084,2019,477,330,12193,24871,15673,7910,2826,807,330,5118,10341,6213,3173,1050,365,100,7075,14530,9460,4737,1776,442,230,342,183,1977,1937,11701,13374,25075,1683,1741,3424,9927,1620,56,12,5875,901,1169,61,21,0,771,151,11938,1788,7256,679,4585,324588,5500,3383,1996,20716,16383,37099,22774,377,1582,4662,7444,3426,2166,707,0.515527272727273,2.65363636363636
"114","MN35",71085,1182522.24,33353,37732,26494,31455,57949,400.3,376,437.5,32365,5899,2067,94,112,28061,2487,46510,25490,12640,8653,9721,10001,5252,1277,1189,12640,36093,27440,17719,7718,2466,1189,5700,15620,11920,7954,3242,1089,580,6940,20473,15520,9765,4476,1377,609,104,102,1841,1994,19447,20216,39663,2830,2904,5734,3418,896,67,0,18327,1674,1222,105,45,26,1196,150,24601,4468,15253,2883,2900,549953,6293,2413,820,15210,16284,31494,37291,322,2659,5964,7769,7956,4601,1424,0.457590909090909,2.67272727272727
"115","MN36",89551,1362581.87,44204,45347,36476,36634,73110,415.4,411.2,435.6,25493,16426,2558,746,42,39206,5080,64553,29283,22664,12383,12148,8871,4150,1061,828,22664,39441,27058,14910,6039,1889,828,10788,20493,14135,7351,3005,1207,624,11876,18948,12923,7559,3034,682,204,312,121,2622,2061,26635,21569,48204,4311,3075,7386,9390,1506,302,59,13674,1877,1599,95,29,0,2535,498,32857,5791,20663,3351,4447,446030,8560,4221,1500,24389,24697,49086,39274,589,4340,7659,11040,6627,4617,1926,0.4708,2.96583333333333
"116","MN40",58834,1202067.92,26419,32415,21173,26746,47919,681.8,671.5,691,53480,796,3150,214,0,264,930,2938,28751,732,2619,4614,16945,11067,7407,2071,732,44723,42104,37490,20545,9478,2071,295,19764,18778,17385,10490,5921,990,437,24959,23326,20105,10055,3557,1081,0,0,646,797,16715,14818,31533,761,762,1523,525,40,90,0,28628,1401,1920,57,0,0,233,18,1583,104,125,7,1075,2192460,9802,350,132,2995,2115,5110,53651,514,3305,11347,7978,2176,963,345,0.583964285714286,2.01785714285714
"117","MN50",21864,206727.51,9646,12218,8718,11257,19975,78,75.6,82.5,16173,1076,3593,13,0,529,480,1311,10481,620,1205,2177,6898,3535,1656,521,620,15992,14787,12610,5712,2177,521,236,7340,6859,5935,2461,1008,242,384,8652,7928,6675,3251,1169,279,0,0,41,65,6649,6818,13467,628,505,1133,466,0,0,0,10702,882,1645,93,0,0,340,101,899,167,314,57,623,196932,2931,191,261,2273,2285,4558,17306,159,901,4099,4137,1001,562,263,0.4677,2.085
"118","MN99",1483,1884.995755,1216,267,1208,264,1472,NA,NA,NA,470,838,6,0,0,136,33,454,0,622,498,217,67,7,0,12,622,801,303,86,19,12,12,498,668,230,55,12,12,12,124,133,73,31,7,0,0,0,0,0,0,211,54,265,137,14,151,170,97,0,0,69,28,0,0,0,0,5,5,94,62,21,21,0,NA,0,0,0,1176,143,1319,31,6,4,15,18,11,41,19,NA,NA
"119","QN01",36864,356282.67,16880,19984,11843,15053,26896,483.7,429.1,529,1395,25838,2336,327,24,5350,1594,6240,11627,5660,7032,6225,2824,906,83,98,5660,17168,10136,3911,1087,181,98,2549,7038,3884,1538,323,66,54,3111,10130,6252,2373,764,115,44,106,104,1210,1335,8538,9626,18164,1561,1299,2860,12937,2164,136,34,592,51,1292,181,24,0,635,74,2649,342,2548,356,1385,723238,3392,668,836,8249,7950,16199,20389,95,867,2361,3246,2458,3550,1716,0.432907142857143,3.28428571428571
"120","QN02",26959,83415.27,11295,15664,8455,12237,20692,112.7,106,118.1,472,24626,454,12,23,1243,129,1952,9939,2854,5224,6676,2525,904,112,41,2854,15482,10258,3582,1057,153,41,1361,6050,3754,1117,392,55,0,1493,9432,6504,2465,665,98,41,48,68,715,742,5938,8205,14143,888,1009,1897,13221,1832,12,0,114,25,228,0,23,23,26,0,662,97,435,17,645,169006,3123,603,239,3435,4763,8198,18405,118,805,1945,2428,1352,2523,2110,0.383066666666667,2.97666666666667
"121","QN03",19901,75494.671,9221,10680,6465,8384,14849,172.7,158.7,182.6,966,17588,295,1,0,442,609,1590,5553,1738,3577,4277,1875,865,187,87,1738,10868,7291,3014,1139,274,87,872,4616,2901,1205,420,120,13,866,6252,4390,1809,719,154,74,0,0,512,412,4633,5622,10255,650,423,1073,9239,927,0,0,457,39,120,15,0,0,257,31,701,123,182,61,206,407557,1384,223,256,2214,2240,4454,14984,60,552,1485,2119,1182,1764,1360,0.34222,3.354
"122","QN05",28201,92751.145,12209,15992,8516,11989,20505,204.3,189.9,220.9,2094,24162,1113,35,0,328,469,1678,7896,2026,4417,5843,3623,1314,316,16,2026,15529,11112,5269,1646,332,16,831,6092,4071,1834,541,195,10,1195,9437,7041,3435,1105,137,6,23,0,879,819,6350,9031,15381,621,568,1189,13233,1030,0,0,934,87,746,28,0,0,268,21,905,68,200,23,182,506307,1712,276,356,1960,3045,5005,23098,92,1036,2567,2765,1946,2409,2503,0.34105,3.525
"123","QN06",25067,152211.15,11174,13893,8868,11756,20624,351.8,338.8,356.6,7761,6706,7569,215,0,1728,1088,3830,9489,2236,3557,4212,4598,2454,1104,279,2236,16204,12647,8435,3837,1383,279,1054,7054,5853,3987,1736,734,187,1182,9150,6794,4448,2101,649,92,0,0,421,704,6645,6790,13435,493,454,947,3881,336,111,0,3781,139,4018,354,0,0,570,38,2135,91,1074,80,371,657799,2848,292,154,2084,3224,5308,19111,76,1104,2368,2468,1945,2872,956,0.4180875,2.6675
"124","QN07",21520,227212.49,9675,11845,7783,9406,17189,341.6,301.1,367.6,1484,13879,2777,100,102,1920,1258,2627,6273,2745,4181,4261,2316,684,170,73,2745,11685,7504,3243,927,243,73,1196,5009,3028,1317,299,100,28,1549,6676,4476,1926,628,143,45,0,53,747,704,5854,6459,12313,777,905,1682,8138,1298,52,0,717,92,1520,126,60,0,611,80,1513,201,1190,86,376,586063,1520,338,238,2809,3480,6289,14781,156,541,2008,2318,1036,2270,1545,0.413388888888889,3.55
"125","QN08",51098,469592.956,23386,27712,17221,22288,39509,909.1,860.1,944.6,1444,45889,760,174,154,1729,948,3181,15308,4708,10402,11246,5236,2261,229,88,4708,29462,19060,7814,2578,317,88,2498,12081,7095,2632,791,148,27,2210,17381,11965,5182,1787,169,61,11,49,1492,1624,12927,15475,28402,1757,1702,3459,25906,3202,46,23,431,20,450,73,35,0,434,66,1521,107,1033,75,720,NA,4862,762,457,4059,7065,11124,39176,93,1752,4563,4710,2958,5719,4001,NA,NA
"126","QN10",29543,117415.416,14356,15187,11010,12110,23120,355.6,344.8,364,25498,2502,469,8,0,717,349,3759,11319,2463,5551,5694,4209,2464,807,136,2463,18861,13310,7616,3407,943,136,1102,8887,6420,3349,1230,498,37,1361,9974,6890,4267,2177,445,99,1,0,751,583,7011,6755,13766,498,536,1034,1096,69,8,0,11876,848,233,39,0,0,180,66,1644,156,373,12,407,654845,3632,426,245,1851,3780,5631,23164,214,1547,2351,2792,1073,2516,1326,0.391275,2.5675
"127","QN12",35500,134121.34,16469,19031,10776,14253,25029,267.9,247.3,291.7,8545,22095,966,153,0,2939,802,9127,12157,5456,7128,5300,2455,706,336,46,5456,15971,8843,3543,1088,382,46,2107,6977,3896,1560,391,168,36,3349,8994,4947,1983,697,214,10,66,52,1209,1117,7069,8014,15083,1274,1144,2418,9555,1652,91,47,3373,487,359,39,0,0,275,43,3747,644,1385,150,2037,338136,2551,1047,1325,10258,6315,16573,17651,129,969,2085,2243,1292,2953,2169,0.456525,2.8475
"128","QN15",50294,214853.77,23253,27041,16031,19838,35869,258,237.9,275.3,19970,23680,957,148,0,3986,1553,12627,16060,7666,8432,7090,4291,2076,465,190,7666,22544,14112,7022,2731,655,190,3754,9488,5916,3130,1383,421,127,3912,13056,8196,3892,1348,234,63,114,22,1366,1441,10297,11270,21567,1192,1060,2252,11413,1438,80,0,6901,578,465,20,0,0,711,55,5843,519,1963,161,3073,354594,4026,1974,1258,11747,9383,21130,27307,280,3000,4029,2637,1632,3832,3259,0.4900375,3.08875
"129","QN17",84694,1124464.97,38378,46316,31858,38582,70440,1013,991.5,1029.7,55688,2267,20655,139,18,3846,2081,10414,38771,4904,11628,13208,19324,11499,3415,1685,4904,60759,49131,35923,16599,5100,1685,1960,27505,22539,16585,7538,2962,1019,2944,33254,26592,19338,9061,2138,666,100,0,1334,1244,23085,23122,46207,1776,1608,3384,1282,121,33,33,29891,2212,11873,819,0,0,969,48,5831,388,2159,151,2535,1825183,10755,1658,631,7587,9669,17256,66828,377,2650,6166,11589,9276,8652,1574,0.4349375,2.28458333333333
"130","QN18",27500,344342.46,13096,14404,10494,12502,22996,322.5,311.6,331.4,16064,846,8787,53,0,963,787,4667,12455,1946,4085,4544,6649,2773,1016,259,1946,19326,15241,10697,4048,1275,259,846,8914,7139,5090,1981,753,166,1100,10412,8102,5607,2067,522,93,0,32,408,420,7902,7499,15401,710,689,1399,616,138,21,0,8740,852,5110,339,0,0,351,58,2608,194,563,12,899,462214,3066,570,68,2679,3939,6618,20864,73,800,2603,3755,2523,2981,678,0.4618625,2.2375
"131","QN19",31750,443040.39,15226,16524,11298,13573,24871,501.2,474.5,528.8,28191,348,946,118,9,1471,667,11172,11561,3499,8257,5809,2878,1141,189,34,3499,18308,10051,4242,1364,223,34,1498,8522,4610,1850,564,123,15,2001,9786,5441,2392,800,100,19,32,14,812,793,8089,7394,15483,636,443,1079,197,29,59,0,13710,913,519,19,0,0,223,45,5025,429,731,73,773,720089,3530,496,202,3464,5461,8925,22803,36,938,2846,5403,2220,1758,548,0.416769230769231,2.72461538461538
"132","QN20",70166,972743.38632,34551,35615,26231,27273,53504,NA,NA,NA,54960,1787,5559,190,0,6092,1578,35863,23963,11655,15508,9907,6055,2176,277,237,11655,34160,18652,8745,2690,514,237,5563,16939,8970,3975,1024,248,149,6092,17221,9682,4770,1666,266,88,147,66,1846,1877,19920,15434,35354,1547,1303,2850,1068,177,128,0,27679,2080,2775,276,0,0,721,77,17540,1396,2946,240,2094,NA,5183,894,859,14365,16415,30780,39285,199,1290,4085,11815,8322,4156,1505,NA,2.90947368421053
"133","QN21",39062,444036.75,18654,20408,14784,17046,31830,NA,NA,NA,34229,500,2643,20,0,1242,428,6567,14899,4725,9439,6860,5033,2342,492,234,4725,24400,14961,8101,3068,726,234,2180,11174,7030,3560,1320,381,92,2545,13226,7931,4541,1748,345,142,23,12,760,926,10576,9225,19801,656,582,1238,300,36,20,0,17294,1117,1378,59,0,0,225,5,3290,234,572,21,816,NA,5021,443,165,2991,5447,8438,30234,36,1482,3887,5740,3374,2926,573,NA,NA
"134","QN22",69382,947356.924,33208,36174,27385,31080,58465,533.2,497.9,558.6,12849,3192,46415,691,0,3950,2285,10939,25643,13568,14769,9276,10229,3053,933,354,13568,38614,23845,14569,4340,1287,354,5830,18116,11438,7156,2299,714,204,7738,20498,12407,7413,2041,573,150,35,63,1579,1645,19379,17866,37245,1792,1760,3552,1536,268,354,46,6145,609,25887,2355,0,0,1145,154,6277,668,2178,120,3045,515667,6152,1980,720,14670,17442,32112,36176,199,3429,5794,7062,4536,9518,1779,0.477553846153846,2.68692307692308
"135","QN23",24199,125384.135,12281,11918,9337,9762,19099,232.4,219,246.3,11155,652,6486,116,0,5304,486,8781,7749,3630,5358,3820,3025,778,187,11,3630,13179,7821,4001,976,198,11,1711,6546,3972,1938,478,140,11,1919,6633,3849,2063,498,58,0,32,91,512,716,7205,5660,12865,680,596,1276,255,23,83,0,5835,557,3248,314,0,0,250,18,5126,675,3151,364,295,354073,2229,326,132,2059,5307,7366,16143,321,1436,2101,2308,1084,2304,1323,0.413133333333333,2.95666666666667
"136","QN25",54091,850345.96,27524,26567,20763,20038,40801,368.4,355.7,381.8,23619,9225,7767,405,269,11568,1238,32553,16253,12232,9743,7604,4148,935,338,77,12232,22845,13102,5498,1350,415,77,6362,11126,6333,2741,671,70,0,5870,11719,6769,2757,679,345,77,192,105,1495,1650,16236,11832,28068,1172,1095,2267,4791,478,266,20,12359,1011,3425,248,269,0,548,66,17541,1414,6410,444,1505,500159,3333,1188,827,11348,15246,26594,26643,226,1884,4415,6495,3470,5393,2468,0.421218181818182,3.52181818181818
"137","QN26",50295,703387.79,28493,21802,22133,15986,38119,272.9,271.3,270.6,23428,3095,4573,600,0,17430,1169,43197,11533,14249,10489,4501,1732,374,266,90,14249,17452,6963,2462,730,356,90,8203,10222,3637,1388,429,233,74,6046,7230,3326,1074,301,123,16,288,165,1423,877,19290,8923,28213,732,906,1638,1506,128,346,46,13059,705,2277,111,0,0,637,87,24667,1382,10388,561,493,425052,1786,646,635,11955,17462,29417,20399,163,1605,4504,6853,3815,6304,2333,0.402066666666667,4.39111111111111
"138","QN27",23070,300553.11,12001,11069,9295,8420,17715,267.2,252.2,283.8,5102,6094,1314,66,46,9739,709,14746,6264,4217,5400,2945,1784,531,168,39,4217,10867,5467,2522,738,207,39,2356,5406,2562,1211,384,149,22,1861,5461,2905,1311,354,58,17,27,26,675,570,7265,5255,12520,535,650,1185,3094,449,56,0,2699,282,455,9,46,0,485,47,8606,659,5685,398,403,446564,1425,283,126,4201,4565,8766,14005,158,969,2541,2727,1300,2280,851,0.4166625,3.63875
"139","QN28",105188,1323557.98,53569,51619,43355,41475,84830,701.7,658.9,744.1,50451,2853,25597,368,26,22146,3747,57031,36495,18329,20374,15635,13067,4560,1207,570,18329,55413,35039,19404,6337,1777,570,9611,27452,17332,9583,3079,955,331,8718,27961,17707,9821,3258,822,239,266,180,2630,2450,35387,23264,58651,3257,2551,5808,1610,243,196,74,28257,2246,13787,1656,14,0,2085,139,32858,3095,12657,1450,2732,956384,8571,1240,1234,18935,24187,43122,61413,545,4271,8916,15048,9212,10287,2288,0.419921052631579,2.97736842105263
"140","QN29",84904,1455213.5,43582,41322,35164,33086,68250,607.6,597.4,617.5,35792,1468,39071,149,0,6962,1462,38195,27528,18542,15711,11003,10353,2635,762,354,18542,40818,25107,14104,3751,1116,354,9212,21070,12996,7088,1973,573,228,9330,19748,12111,7016,1778,543,126,108,76,2009,1764,26775,17449,44224,1646,1327,2973,895,67,6,0,18765,983,19495,1390,0,0,725,66,20897,1306,4315,467,2250,788935,5830,1164,1115,18172,23577,41749,42925,194,2292,5622,12834,9931,7365,1469,0.4388,3.11529411764706
"141","QN30",27677,340431.235,13585,14092,10825,11351,22176,556.1,562,548.4,21764,343,2994,86,11,2159,320,7146,10629,3675,7178,4753,3097,843,167,110,3675,16148,8970,4217,1120,277,110,1972,7819,4319,1983,466,132,72,1703,8329,4651,2234,654,145,38,21,0,669,438,8145,6551,14696,648,662,1310,166,41,66,17,11471,963,1654,111,11,0,82,18,3775,440,1246,160,648,807240,2639,270,140,2807,4945,7752,19661,136,1221,2825,3155,2373,2448,816,0.380878571428571,2.62
"142","QN31",60575,878133.637,29889,30686,25474,25808,51282,NA,NA,NA,36175,1471,15435,134,0,5532,1828,21198,26309,8224,10993,9558,10879,4503,1423,508,8224,37864,26871,17313,6434,1931,508,3994,19129,13375,8598,3207,1137,224,4230,18735,13496,8715,3227,794,284,38,14,1057,812,20294,16731,37025,1462,1254,2716,739,121,49,0,23358,1556,8787,605,0,0,763,75,12227,1004,3272,359,1660,NA,4504,1155,811,7085,12447,19532,40259,143,1790,8384,12393,5805,3384,797,NA,NA
"143","QN33",20212,224869.01,9274,10938,7494,9179,16673,570.2,548.1,584,686,18633,423,125,0,123,222,1026,6337,1939,4053,4395,2498,1366,189,96,1939,12597,8544,4149,1651,285,96,890,5643,3531,1607,542,148,64,1049,6954,5013,2542,1109,137,32,4,0,711,661,5147,5521,10668,440,282,722,9853,698,72,0,388,18,170,0,0,0,85,6,501,18,67,0,156,1041587,2537,301,189,1386,1453,2839,17327,94,848,1902,1897,1112,1581,1853,0.346592307692308,3.17769230769231
"144","QN34",57549,488561.35,27844,29705,21553,23778,45331,761.4,739.9,779.6,8320,30243,10692,161,75,4416,3642,10801,16048,6707,12177,10877,6661,2114,390,74,6707,32293,20116,9239,2578,464,74,3408,15008,9094,3956,923,159,33,3299,17285,11022,5283,1655,305,41,38,91,1774,1815,16611,16302,32913,2121,1848,3969,17224,2385,138,46,4225,388,6533,582,33,0,2147,459,5842,690,2584,109,580,1451519,4442,651,568,5784,8450,14234,42828,343,1603,6169,6545,3315,5049,4170,0.367035,3.575
"145","QN35",38449,378707,19158,19291,15484,15953,31437,429.8,406.8,453.5,10607,4623,13852,126,0,7320,1921,9880,13557,4725,6100,5611,7481,2666,730,396,4725,22984,16884,11273,3792,1126,396,2123,11318,8227,5634,2047,777,207,2602,11666,8657,5639,1745,349,189,67,22,1177,837,11590,9650,21240,1490,951,2441,2873,381,41,17,5248,457,7675,814,0,0,1043,204,5871,744,4360,568,674,623856,2853,534,278,5193,6531,11724,25647,205,1515,2611,4082,3018,5550,1224,0.398663636363636,3.09818181818182
"146","QN37",36683,273512.62,17624,19059,13087,14768,27855,328.4,303.1,342.2,21949,3315,8478,78,0,1754,1109,4584,13265,2600,5110,5634,6303,3086,1068,305,2600,21506,16396,10762,4459,1373,305,1115,10152,7885,5233,2125,879,183,1485,11354,8511,5529,2334,494,122,0,0,766,828,9059,8676,17735,946,840,1786,1872,265,55,0,9700,795,4382,523,0,0,663,75,2735,233,1063,128,874,522429,3305,517,314,5075,6213,11288,24677,188,1634,3420,3285,2361,3296,861,0.445566666666667,2.71111111111111
"147","QN38",33532,166958.99,15867,17665,12524,13880,26404,257.4,256.9,259.8,14257,3801,10810,90,0,3304,1270,6700,11797,3520,5284,5807,4663,1814,435,221,3520,18224,12940,7133,2470,656,221,1555,8658,6143,3523,1115,380,137,1965,9566,6797,3610,1355,276,84,0,36,1213,1606,8629,7548,16177,977,1154,2131,1444,417,67,33,7301,769,5398,667,0,0,473,97,3274,390,1494,148,1422,436329,3584,842,518,5544,5780,11324,20543,145,1400,2750,2461,1668,3259,1501,0.424828571428571,2.85
"148","QN41",18177,68853.32,8605,9572,6527,7566,14093,162.9,164.4,162.3,6377,925,9149,18,50,1078,580,2394,6582,1273,2170,3204,3807,1568,373,162,1273,11284,9114,5910,2103,535,162,575,5260,4261,2887,926,326,107,698,6024,4853,3023,1177,209,55,0,7,332,331,4776,4325,9101,327,542,869,562,44,18,0,3005,350,4687,322,17,0,230,26,1344,252,582,127,413,318200,1819,109,213,2119,2859,4978,13198,62,783,1594,1649,999,1729,903,0.38575,3.075
"149","QN42",28097,98513.619,13683,14414,10382,11917,22299,255.4,246.1,271.4,13977,582,12198,9,58,442,831,2117,11235,1674,4830,4832,5364,2988,692,244,1674,18950,14120,9288,3924,936,244,785,8943,7084,4614,1791,631,208,889,10007,7036,4674,2133,305,36,0,7,566,418,7738,6573,14311,432,441,873,385,44,0,0,7031,487,6249,336,0,0,338,0,1140,86,308,6,648,463400,3255,327,214,2726,3113,5839,22239,100,1180,2998,2761,1339,2973,1177,0.397583333333333,2.52
"150","QN43",25964,90144.791,12986,12978,9920,10171,20091,231.3,223.3,241.7,11230,1859,10245,144,0,1673,813,3880,8110,1957,5027,4216,4324,2007,263,195,1957,16032,11005,6789,2465,458,195,980,7844,5430,3464,1285,309,156,977,8188,5575,3325,1180,149,39,7,0,615,560,7246,6014,13260,608,471,1079,812,13,106,42,6030,494,4963,334,0,0,373,35,2211,193,950,161,252,475335,2267,291,112,1842,3115,4957,20656,32,1779,3197,2560,1079,1810,1237,0.3667,3.14
"151","QN44",22427,67266.24,10254,12173,8326,10430,18756,253.8,248.1,255.1,12787,716,7241,127,0,581,975,2024,9167,1679,4066,3803,4527,2122,858,321,1679,15697,11631,7828,3301,1179,321,679,7035,5321,3940,1595,717,145,1000,8662,6310,3888,1706,462,176,49,0,464,392,5607,5659,11266,337,457,794,339,45,90,0,6074,393,4139,345,0,0,360,11,892,32,264,0,380,372525,4059,268,77,1212,2461,3673,18334,137,1364,2771,1796,841,1925,1035,0.42798,2.482
"152","QN45",25619,62122.542,12681,12938,9743,10878,20621,273.9,257.5,286.7,14449,770,9427,19,8,621,325,2812,9677,1560,3434,3956,6073,2524,1039,366,1560,17392,13958,10002,3929,1405,366,833,8105,6903,4737,1696,697,181,727,9287,7055,5265,2233,708,185,0,0,586,677,6964,6738,13702,378,555,933,451,62,19,0,7718,473,4871,338,8,0,155,0,1643,138,473,60,350,554014,3324,267,62,1502,2871,4373,21126,127,1876,2775,2972,1130,2177,944,0.4302,2.66166666666667
"153","QN46",45522,306043.371,21714,23808,17274,19520,36794,765,757.9,784,24964,1262,15452,202,6,2438,1198,6086,16043,4320,7826,7449,8641,3765,832,463,4320,28976,21150,13701,5060,1295,463,1973,13564,10258,6495,2331,728,313,2347,15412,10892,7206,2729,567,150,11,5,989,1144,12815,11382,24197,1303,922,2225,790,18,93,0,13384,1197,8201,900,6,0,478,51,3194,232,1245,59,619,1370116,4899,392,304,3257,6405,9662,35310,111,2137,5189,5570,2301,4007,1450,0.399344444444444,2.83722222222222
"154","QN47",22943,84494.599,10668,12275,8884,10536,19420,NA,NA,NA,15499,302,5760,7,0,945,430,2142,10253,1571,4207,3929,4631,2058,932,259,1571,16016,11809,7880,3249,1191,259,685,7327,5511,3752,1604,753,109,886,8689,6298,4128,1645,438,150,0,0,514,460,6103,5737,11840,746,486,1232,183,16,7,0,7875,865,3166,272,0,0,127,0,1090,85,442,79,600,NA,4241,421,87,1223,3089,4312,18627,72,1026,2771,2701,840,2098,480,NA,NA
"155","QN48",20684,129414.62,10047,10637,7909,8804,16713,289.7,274.4,300.2,10254,323,8669,23,40,915,460,2745,7182,2327,3634,3359,3156,1900,403,220,2327,12672,9038,5679,2523,623,220,1061,5956,4413,2713,1069,365,171,1266,6716,4625,2966,1454,258,49,27,0,489,413,5425,4803,10228,404,460,864,146,15,6,6,4698,526,4563,256,24,0,141,18,1444,173,650,43,269,481591,2513,226,134,1738,3337,5075,15582,132,978,1936,1840,950,2069,935,0.393785714285714,2.91857142857143
"156","QN49",32331,109972.478,15482,16849,12030,13388,25418,343,333.6,347.4,25273,198,5220,29,0,1054,557,4701,11544,2833,6641,5640,4805,2123,847,224,2833,20280,13639,7999,3194,1071,224,1352,9377,6522,3641,1271,466,77,1481,10903,7117,4358,1923,605,147,21,23,783,699,8742,7671,16413,947,742,1689,74,1,0,0,12702,1393,2877,213,0,0,222,33,2411,188,538,49,336,632863,4079,270,84,1726,3907,5633,26473,231,2210,3561,3212,1351,2513,682,0.4153625,2.8425
"157","QN50",25088,211994.513,12415,12673,10366,10402,20768,224.4,223.4,227.3,8245,165,14364,82,0,1977,255,6538,8352,5031,4530,3863,3756,1279,137,99,5031,13664,9134,5271,1515,236,99,2250,6930,4639,2665,845,118,42,2781,6734,4495,2606,670,118,57,95,50,540,544,7866,5643,13509,358,380,738,83,0,67,8,4590,163,7657,493,0,0,85,0,3777,152,1027,74,414,306071,1944,144,272,3027,6546,9573,15464,43,1064,2055,3946,2882,1775,610,0.421883333333333,2.94666666666667
"158","QN51",51509,464172.831,24824,26685,20312,22491,42803,547.4,526.1,567.1,17432,977,28014,102,0,3667,1317,7766,17877,7745,10375,7690,8372,3358,836,262,7745,30893,20518,12828,4456,1098,262,3165,14940,10254,6134,2042,536,163,4580,15953,10264,6694,2414,562,99,9,11,1039,1084,14809,12548,27357,1340,1031,2371,491,23,60,0,8395,624,15732,1497,0,0,706,92,4170,392,1968,135,1454,886570,4536,739,521,6688,10110,16798,33980,171,2656,5192,5516,2235,6281,1761,0.418630769230769,2.87615384615385
"159","QN52",27943,358662.47,13333,14610,11025,12159,23184,493.6,480.4,506.2,8057,604,16426,217,0,1757,882,4318,8870,4474,5242,4417,4452,1538,355,145,4474,16149,10907,6490,2038,500,145,1891,7870,5355,3261,889,230,92,2583,8279,5552,3229,1149,270,53,13,9,539,432,7602,6724,14326,724,791,1515,350,26,50,0,4161,433,8570,909,0,0,267,28,2365,238,928,119,883,713248,2544,591,272,3726,5471,9197,18627,66,1178,2505,2760,1259,3240,999,0.426616666666667,3.16666666666667
"160","QN53",59550,891579.12,29264,30286,21089,23089,44178,681.7,643.7,717.8,21029,4388,13257,204,23,17372,3277,31359,17140,8958,11355,9277,5466,1984,414,174,8958,28670,17315,8038,2572,588,174,4008,13599,8155,3490,1029,380,71,4950,15071,9160,4548,1543,208,103,157,126,1950,1732,16494,14643,31137,1994,2094,4088,2282,406,158,1,10864,1255,6711,723,23,0,1625,170,16384,2183,9416,1533,1047,1159801,3728,1129,497,8589,12594,21183,38194,219,1515,3340,6197,4555,7010,2364,0.4144,3.4485
"161","QN54",65199,962084.03,32293,32906,24519,24621,49140,864.2,856.4,872.4,17795,6824,19479,578,17,17054,3452,22785,17535,11269,14118,7755,6357,1911,382,171,11269,30694,16576,8821,2464,553,171,5798,14864,8307,4471,1183,324,109,5471,15830,8269,4350,1281,229,62,33,58,2113,1889,19456,14669,34125,1969,1511,3480,3833,409,212,37,9101,856,10136,1214,9,0,1674,203,11774,1055,9126,761,1010,1482453,3560,1031,668,9317,14903,24220,40488,418,2231,5043,5620,4526,8471,2613,0.39332,3.676
"162","QN55",80046,836019.672,38893,41153,29860,32353,62213,909.1,889.2,926.4,12810,19557,19724,784,145,21733,5293,17681,22031,13759,19172,10815,6729,1832,389,61,13759,38998,19826,9011,2282,450,61,6174,19154,9751,4527,1227,328,58,7585,19844,10075,4484,1055,122,3,113,95,2508,2361,22330,19865,42195,2548,1852,4400,10363,1051,325,58,6272,535,10346,1148,60,16,2669,364,10121,1126,12149,1228,1101,1484630,5206,1552,728,10279,18097,28376,51455,304,2430,6818,7934,5107,8988,4613,0.40754,3.6344
"163","QN56",22136,158423.63,10746,11390,8235,8497,16732,NA,NA,NA,10183,1419,4802,64,0,4365,1303,9258,6837,2873,5216,3606,1867,727,148,44,2873,11608,6392,2786,919,192,44,1340,5741,2920,1191,316,93,28,1533,5867,3472,1595,603,99,16,21,21,500,491,6073,5192,11265,668,523,1191,993,46,42,9,5008,424,2300,213,0,0,723,202,4802,612,2199,297,512,NA,1585,506,150,3236,3454,6690,15298,115,705,2214,2282,1309,2275,622,NA,NA
"164","QN57",28769,72866.735,13020,15749,10496,12965,23461,185,185.9,186.8,24781,935,572,52,0,1338,1091,6010,11261,3721,7832,4981,3129,1327,286,195,3721,17750,9918,4937,1808,481,195,1857,7696,4406,2037,758,223,86,1864,10054,5512,2900,1050,258,109,63,0,518,613,7024,7109,14133,595,584,1179,309,34,26,0,12148,960,289,22,0,0,552,43,2824,297,809,120,433,274894,4969,406,162,2566,3940,6506,22213,152,1641,2684,2731,1486,2635,1065,0.41235,2.555
"165","QN60",22878,260799.44,11240,11638,9282,9909,19191,269.2,266.1,272.7,14227,1812,3435,20,20,2848,516,6404,9997,2029,3276,3857,4244,2872,569,240,2029,15058,11782,7925,3681,809,240,722,7540,6032,3960,1788,481,178,1307,7518,5750,3965,1893,328,62,45,56,518,447,7024,6229,13253,614,542,1156,1250,184,20,14,8018,672,1974,132,0,0,317,55,3813,394,1674,99,442,417829,2255,378,338,2566,3772,6338,16492,163,873,1963,3349,2404,2351,407,0.410385714285714,2.31285714285714
"166","QN61",50922,566297.979,25103,25819,18536,20248,38784,NA,NA,NA,5723,10891,15459,324,0,15659,2866,18959,15700,11594,9469,6944,4108,1572,338,86,11594,22517,13048,6104,1996,424,86,5554,10610,6386,3178,1097,238,27,6040,11907,6662,2926,899,186,59,130,39,1298,1130,14840,11589,26429,1960,1792,3752,6154,1065,160,31,2930,263,7171,920,0,0,1403,252,10043,1280,8611,1221,1598,NA,3418,1088,610,11740,13054,24794,25362,306,1239,3174,4583,3600,7156,1786,NA,NA
"167","QN62",20989,124178.91,10284,10705,8236,8184,16420,190.8,192.7,189.1,5085,382,13347,207,24,1410,534,3072,6384,3438,3869,2947,2745,1167,249,125,3438,11102,7233,4286,1541,374,125,1737,5512,3870,2385,889,271,90,1701,5590,3363,1901,652,103,35,39,0,451,644,5976,4568,10544,542,454,996,243,76,111,0,2381,226,6689,601,24,0,190,44,1585,110,875,49,380,265148,1525,219,247,2794,6098,8892,12032,35,996,1951,2212,1137,1905,859,0.41934,3.292
"168","QN63",45259,573129.928,22708,22551,18256,18575,36831,422.8,416.8,439.2,20594,1055,17028,192,133,5134,1123,15533,16388,7462,7407,6872,8086,2315,495,202,7462,25377,17970,11098,3012,697,202,3512,12450,8916,5359,1492,354,144,3950,12927,9054,5739,1520,343,58,33,13,908,787,14262,10980,25242,1037,993,2030,576,18,41,0,11748,973,9538,675,82,0,505,46,8701,786,2752,318,992,690284,3736,492,559,5792,10087,15879,28679,61,1520,3962,7602,4537,3590,910,0.394233333333333,2.82833333333333
"169","QN66",25141,192884.7,10978,14163,8072,11522,19594,455,422.6,475.9,682,23593,97,43,0,124,602,937,7891,2639,4511,5624,2880,1438,169,133,2639,14755,10244,4620,1740,302,133,1023,6099,3988,1551,526,89,53,1616,8656,6256,3069,1214,213,80,72,37,783,568,5642,7489,13131,628,564,1192,12317,1068,43,0,321,13,60,0,0,0,272,93,350,34,118,18,199,871570,2915,250,285,1659,2496,4155,20869,108,779,2255,2279,1418,2610,1749,0.352336363636364,3.17454545454545
"170","QN68",18539,250616.25,8552,9987,6364,7702,14066,NA,NA,NA,7436,4761,2471,182,0,3383,306,8128,7283,3471,3176,2478,1843,542,75,44,3471,8158,4982,2504,661,119,44,1442,3499,2062,1154,344,64,27,2029,4659,2920,1350,317,55,17,65,0,731,439,4416,4795,9211,672,716,1388,2006,377,99,5,3755,512,1332,139,0,0,166,30,3860,613,1837,325,1366,NA,1656,560,654,5899,4695,10594,7910,73,597,1706,2345,1018,1135,214,NA,NA
"171","QN70",75149,1230989.52,37003,38146,31748,33295,65043,818.6,807.1,836.2,52562,4156,10175,209,41,5973,2033,21277,34018,9965,12579,12112,15312,5680,1063,560,9965,47306,34727,22615,7303,1623,560,4696,23344,16972,11266,3362,845,285,5269,23962,17755,11349,3941,778,275,79,40,1403,1090,25260,21835,47095,2498,1862,4360,2215,427,119,11,33988,3071,6342,462,32,0,1036,115,12335,1226,3352,274,3008,1280677,7769,1207,807,12142,14111,26253,48785,140,2568,8223,16348,8201,4172,858,0.425886956521739,2.2404347826087
"172","QN71",26470,372910.85,13485,12985,11304,10782,22086,258.6,246.2,273.6,14527,2789,4229,452,34,3647,792,8356,10958,4040,4091,3306,5042,1649,494,174,4040,14756,10665,7359,2317,668,174,1785,7591,5604,3839,1133,291,84,2255,7165,5061,3520,1184,377,90,50,48,678,509,9116,6703,15819,766,812,1578,1366,289,213,8,8926,755,2515,154,34,0,404,76,4754,616,2351,296,1109,383558,2120,619,337,4672,6435,11107,15224,135,1086,2361,5085,2590,1561,429,0.4417,2.50375
"173","QN72",49001,618926.6,24114,24887,20070,21613,41683,NA,NA,NA,38107,1217,4581,160,0,3857,1079,10978,20793,6027,8585,7823,10040,3749,796,273,6027,31266,22681,14858,4818,1069,273,2858,15181,11301,6963,2429,612,177,3169,16085,11380,7895,2389,457,96,26,9,886,639,15799,13488,29287,1471,1110,2581,738,173,136,0,22507,1835,2866,240,0,0,496,20,6403,533,2544,313,1304,NA,4845,684,274,6573,7801,14374,34618,237,2137,4799,8001,5228,3884,554,NA,NA
"174","QN76",34293,391476.1,16029,18264,11449,14114,25563,559.2,507.3,607.5,993,27297,1531,137,0,3534,801,3751,10364,4073,7582,6323,2610,1031,53,25,4073,17624,10042,3719,1109,78,25,1868,7638,3965,1466,390,33,17,2205,9986,6077,2253,719,45,8,123,61,1310,1241,8698,9222,17920,1240,1230,2470,14303,2030,83,0,555,146,732,49,0,0,390,50,1912,351,1842,195,585,970284,2737,850,479,4940,6505,11445,22680,72,1261,2497,3353,2407,3182,1820,0.40828125,3.270625
"175","QN98",0,0,0,0,0,0,0,NA,NA,NA,0,0,0,0,0,0,0,0,0,0,0,0,0,0,0,0,0,0,0,0,0,0,0,0,0,0,0,0,0,0,0,0,0,0,0,0,0,0,0,0,0,0,0,0,0,0,0,0,0,0,0,0,0,0,0,0,0,0,0,0,0,0,0,0,NA,0,0,0,0,0,0,0,0,0,0,0,0,0,0,NA,NA
"176","QN99",438,NA,196,242,145,223,368,NA,NA,NA,271,60,93,0,0,4,10,65,162,88,46,87,74,28,0,0,88,235,189,102,28,0,0,31,101,83,38,8,0,0,57,134,106,64,20,0,0,0,0,15,13,93,105,198,24,0,24,9,0,0,0,115,24,64,0,0,0,10,0,36,0,0,0,0,NA,60,0,0,15,49,64,302,6,0,13,53,15,73,0,NA,NA
"177","SI01",28727,53723.419,14589,14138,11142,11348,22490,248.1,228.8,263,27311,97,942,0,0,103,274,2393,9786,1787,6702,5190,3841,1697,404,95,1787,17929,11227,6037,2196,499,95,913,8696,5554,2859,888,295,49,874,9233,5673,3178,1308,204,46,21,0,938,587,7729,6570,14299,533,408,941,16,0,0,0,13649,871,389,36,0,0,174,0,1375,115,71,34,459,521048,3182,238,103,1755,2297,4052,24627,87,1378,3472,2433,1473,2512,1566,0.4045,2.90333333333333
"178","SI05",39517,88863.93258,18784,20733,14560,16378,30938,356.8,333.4,374.2,29741,1634,6600,134,0,916,492,5772,13345,2863,9441,6723,5252,2866,432,242,2863,24956,15515,8792,3540,674,242,1149,11806,7494,4266,1703,436,180,1714,13150,8021,4526,1837,238,62,11,10,972,1100,10100,8517,18617,768,440,1208,586,51,49,0,14081,971,3393,178,0,0,132,8,2460,199,376,0,569,846652,4461,617,318,3141,5320,8461,30078,173,2286,4500,2855,1702,4065,1273,0.363944444444444,2.95444444444444
"179","SI07",24202,83557.033,11971,12231,9065,9958,19023,285.8,270.6,308.8,20888,481,1789,31,0,600,413,2872,9083,1516,5685,4461,3358,1687,273,101,1516,15565,9880,5419,2061,374,101,630,7362,4737,2593,838,168,48,886,8203,5143,2826,1223,206,53,0,5,699,527,6548,5455,12003,535,257,792,324,100,0,0,10209,593,911,32,0,0,122,10,1478,108,437,57,284,592003,3093,271,127,2061,2252,4313,19845,123,2249,2668,2032,1054,1634,1009,0.367514285714286,2.68285714285714
"180","SI08",23858,63920.02,10469,13389,7539,10250,17789,116.5,119,119.2,10431,8061,3169,35,0,1455,707,6357,7941,3134,3667,3470,2068,994,223,93,3134,10515,6848,3378,1310,316,93,1196,4662,3014,1548,530,107,29,1938,5853,3834,1830,780,209,64,87,65,924,1275,5445,6109,11554,599,459,1058,3879,389,18,0,4975,387,1730,235,0,0,302,7,2793,224,650,40,824,232524,1428,544,480,4716,3698,8414,13406,117,1577,2295,1503,1376,2045,1110,0.39765,2.5075
"181","SI11",24083,23106.907,12491,11592,9386,8471,17857,148.5,148.3,148.7,21305,873,1044,27,0,347,487,2969,7622,1606,4867,4621,2969,1472,283,64,1606,14276,9409,4788,1819,347,64,1102,7102,4575,2133,608,134,57,504,7174,4834,2655,1211,213,7,26,49,615,615,6319,4710,11029,338,280,618,174,0,12,12,10030,568,399,29,0,0,249,9,1237,0,165,0,293,342708,2213,277,58,965,3183,4148,18993,141,737,2438,1753,1302,2357,1416,0.415,3.0025
"182","SI12",30473,118699.2067,14153,16320,9955,12032,21987,251.1,228.4,271.5,13581,9124,2444,156,0,3394,1774,11744,10025,3241,6685,4805,2408,1178,108,47,3241,15231,8546,3741,1333,155,47,1477,6769,3654,1597,533,87,47,1764,8462,4892,2144,800,68,0,54,19,1062,1161,6722,6979,13701,647,565,1212,4499,367,63,12,5776,497,1236,77,0,0,534,50,5073,464,1593,209,976,417929,2229,691,600,5411,5870,11281,19067,150,1311,3069,2445,1052,2007,1988,0.4347375,2.985
"183","SI14",14775,51571.935,6848,7927,5340,6227,11567,190.8,187,192.6,11627,979,1594,23,0,370,182,1763,5438,1669,2569,2682,1881,1196,237,116,1669,8681,6112,3430,1549,353,116,680,3995,2994,1693,647,205,76,989,4686,3118,1737,902,148,40,9,9,319,225,3707,3481,7188,222,324,546,329,78,23,0,5401,410,895,58,0,0,32,0,779,41,210,0,434,334044,1517,420,213,1708,1750,3458,11127,97,763,1301,1711,847,965,523,0.42048,2.742
"184","SI22",31214,223375.034,15078,16136,10591,12126,22717,362.2,344.5,381.8,13100,12529,1731,15,0,2681,1158,8653,11686,3313,5708,4895,3303,1831,407,114,3313,16258,10550,5655,2352,521,114,1511,7548,4773,2627,905,316,72,1802,8710,5777,3028,1447,205,42,134,101,1048,1136,7101,6883,13984,834,604,1438,5325,578,0,0,6254,624,715,6,0,0,518,132,3722,502,1135,98,1835,520272,2709,758,975,8422,5242,13664,17098,139,1438,2798,2052,1296,2663,1568,0.455590909090909,2.66090909090909
"185","SI24",31931,86147.377,15087,16844,11885,13595,25480,305.2,296.6,311.6,26037,821,4206,6,0,530,331,2935,11096,2730,7115,5083,4156,2419,881,254,2730,19908,12793,7710,3554,1135,254,1255,9212,6312,3814,1848,696,120,1475,10696,6481,3896,1706,439,134,0,0,869,877,8177,7410,15587,440,330,770,321,14,0,0,12679,690,2130,42,0,0,139,0,1498,120,303,24,397,611438,3700,319,163,2407,3208,5615,25711,214,2397,3314,2586,1527,2767,1377,0.412614285714286,2.85571428571429
"186","SI25",22038,52063.421,10428,11610,8140,9321,17461,213.5,199.2,230,20378,601,463,16,0,283,297,2686,8194,1773,5107,4515,2686,1463,276,166,1773,14213,9106,4591,1905,442,166,791,6538,4564,2197,728,305,106,982,7675,4542,2394,1177,137,60,11,0,548,471,5857,4905,10762,405,401,806,389,0,0,0,9840,798,204,0,0,0,120,8,1337,185,209,0,274,390145,3205,420,145,999,2916,3915,18123,82,1237,2551,1924,952,2101,761,0.40032,2.686
"187","SI28",19240,59026.72,9374,9866,6767,7214,13981,137.4,135.2,140.7,11842,3997,923,0,0,2200,278,5946,6369,2118,4379,3222,1673,735,147,14,2118,10170,5791,2569,896,161,14,1039,4947,2767,1107,310,85,14,1079,5223,3024,1462,586,76,0,28,13,538,505,4841,3819,8660,376,227,603,1970,212,0,0,5162,271,413,24,0,0,135,0,2439,170,980,96,784,245172,1700,264,469,4478,2519,6997,12180,90,1230,2478,1292,512,1253,830,0.43725,2.9825
"188","SI32",19938,26419.24,9766,10172,7309,7948,15257,119.3,112.5,123.8,18548,116,1105,0,0,21,148,1450,6945,1087,4651,4210,2216,1132,309,120,1087,12638,7987,3777,1561,429,120,623,5954,3980,1788,584,241,44,464,6684,4007,1989,977,188,76,42,8,368,344,5487,4219,9706,288,182,470,85,0,0,0,8932,429,557,41,0,0,55,0,514,34,21,0,271,267418,1769,260,83,1615,1324,2939,16957,85,967,1899,1935,954,2124,996,0.4005,2.89666666666667
"189","SI35",18310,64727.82,9334,8976,6855,6937,13792,191.6,184.6,201.3,14146,2038,723,19,0,893,491,4822,6303,1355,3493,3147,2167,1335,489,144,1355,10775,7282,4135,1968,633,144,651,5258,3562,1913,856,365,76,704,5517,3720,2222,1112,268,68,35,34,508,453,4696,3981,8677,528,266,794,970,124,0,0,6655,557,300,47,0,0,202,47,1980,122,550,19,480,385105,1586,263,136,2795,2337,5132,12770,88,1139,1742,1533,983,1337,749,0.45406,2.8
"190","SI36",24999,59995.532,12235,12764,9713,10427,20140,198.8,181.8,217.3,20378,1122,2282,45,0,648,524,3465,8752,2432,6042,3910,3393,1357,339,132,2432,15173,9131,5221,1828,471,132,1167,7231,4505,2334,763,320,117,1265,7942,4626,2887,1065,151,15,9,0,540,492,6793,4909,11702,513,427,940,296,47,21,0,9529,778,1226,74,0,0,227,21,1687,113,297,20,492,301270,2966,675,277,2139,3738,5877,18542,104,1558,2417,2285,1182,2194,798,0.44322,2.676
"191","SI37",25635,121387.024,12697,12938,10008,9940,19948,315.1,298.2,328.4,13589,5199,2879,183,26,3037,722,7541,9115,3645,5397,3723,3008,1102,144,118,3645,13492,8095,4372,1364,262,118,1981,6448,3855,2110,618,129,52,1664,7044,4240,2262,746,133,66,61,35,719,814,6686,5194,11880,514,356,870,2361,265,58,0,6103,339,1477,98,12,0,244,0,3522,234,1593,168,977,416062,2244,752,429,4792,4937,9729,15278,176,949,2613,2032,1274,2248,1016,0.4535625,2.7275
"192","SI45",21208,57873.329,10290,10918,7576,8780,16356,201.3,196.6,207,18512,412,1165,0,0,911,208,3054,7881,1358,5099,4111,2484,1143,251,157,1358,13245,8146,4035,1551,408,157,618,6152,3727,1697,548,271,137,740,7093,4419,2338,1003,137,20,45,30,534,458,5467,4953,10420,457,391,848,241,76,0,0,9148,697,495,68,0,0,114,0,1449,90,401,7,333,370793,2659,249,177,1461,3319,4780,16428,91,1072,2329,1723,935,2163,997,0.42502,2.668
"193","SI48",24799,56812.421,12124,12675,9569,9816,19385,157.9,156.6,160.2,22374,487,1558,17,0,258,105,2848,8805,1307,5682,4738,3430,1579,259,138,1307,15826,10144,5406,1976,397,138,611,7830,4915,2527,773,272,68,696,7996,5229,2879,1203,125,70,0,0,744,706,6970,6019,12989,546,529,1075,263,39,0,0,11785,928,699,83,0,0,40,11,1569,198,189,14,315,344766,2557,184,63,1125,1824,2949,21804,24,1434,2783,2307,1060,2247,1684,0.3602,2.795
"194","SI54",43427,115318.53,21259,22168,15877,17884,33761,330.3,311.1,345.6,41048,64,1675,106,0,219,315,3169,15289,2143,10966,8322,5090,3119,357,79,2143,27933,16967,8645,3555,436,79,953,12867,8151,3854,1243,286,53,1190,15066,8816,4791,2312,150,26,0,0,1324,990,11240,10045,21285,795,666,1461,38,10,44,0,20259,1427,716,24,0,0,83,0,1563,104,117,0,363,718593,5182,576,172,2247,3388,5635,37790,241,2183,4407,3544,1601,3912,2903,0.3697875,2.8375
"195","SI99",0,NA,0,0,0,0,0,NA,NA,NA,0,0,0,0,0,0,0,0,0,0,0,0,0,0,0,0,0,0,0,0,0,0,0,0,0,0,0,0,0,0,0,0,0,0,0,0,0,0,0,0,0,0,0,0,0,0,0,0,0,0,0,0,0,0,0,0,0,0,0,0,0,0,0,0,NA,0,0,0,0,0,0,0,0,0,0,0,0,0,0,NA,NA
