"NTACode","cnt2002","dol2002","cnt2003","dol2003","cnt2004","dol2004","cnt2005","dol2005","cnt2006","dol2006","cnt2007","dol2007","cnt2008","dol2008","cnt2009","dol2009","cnt2010","dol2010","cnt2011","dol2011","cnt2012","dol2012","POPTOT","delcnt2005","delcnt2007","delcnt2008","delcnt2010","delcnt2012","deldol2005","deldol2007","deldol2008","deldol2010","deldol2012","pcapdol2005","pcapdol2007","pcapdol2010","pcapdol2012","pcdelcnt2005","pcdelcnt2007","pcdelcnt2010","pcdelcnt2012","pcdeldol2005","pcdeldol2007","pcdeldol2010","pcdeldol2012","pcapcnt2005","pcapcnt2007","pcapcnt2010","pcapcnt2012"
"BK09",11,2261777,7,1569498,10,7345526.83333333,10,8981138.11428571,11,2483689,12,7690950,10,1024930.8,9,9598223.8,9,11330520,2,117500,0,0,23498,2,3,1,-4,-16,12495389.947619,-6152025.94761905,-2748946.31428571,12212863,-20811243.8,382.208618362657,327.302323602009,482.190824751043,0,0.111111111111111,0.15,-0.181818181818182,-0.888888888888889,3.26141818262042,-0.37680848889572,1.40121959905647,-0.994385711769284,0.000425568133458167,0.0005106817601498,0.00038301132011235,0
"BK17",0,0,1,287911,1,2000,1,459801,0,0,1,317240,1,160130.666666667,0,0,1,25646,0,0,0,0,61584,1,-1,1,-1,-1,173890,-144561,17569.6666666666,-451724.666666667,-25646,7.4662412314887,5.15133800987269,0.41643933489218,0,1,-0.5,-0.5,-1,0.603971366151345,-0.313037433873032,-0.946276548202934,-1,1.623798389192e-05,1.623798389192e-05,1.623798389192e-05,0
"BK19",0,0,1,42783.3333333333,0,0,5,401664,1,55000,3,717877,3,485538,5,950778.666666667,2,211790,1,30952,0,0,31584,4,-1,0,1,-6,358880.666666667,371213,746751,-40846.3333333335,-1131616.66666667,12.7173252279635,22.7291350050659,6.70561043566363,0,4,-0.2,0.166666666666667,-0.857142857142857,8.38832878846903,0.924187878425749,-0.0339420177854967,-0.973376196273424,0.000158308004052685,9.49848024316109e-05,6.3323201621074e-05,0
"BK21",1,178545,1,103416.666666667,0,0,2,219130,0,0,0,0,2,1155553.5,4,1660358.66666667,0,0,0,0,1,1131600,30018,0,-2,0,2,-3,-62831.6666666667,-219130,936423.5,504805.166666667,-528758.666666667,7.29995336131654,0,0,37.6973815710574,0,-1,1,-0.75,-0.222837619771009,-1,0.436851402091436,-0.318460509335734,6.66266906522753e-05,0,0,3.33133453261377e-05
"BK23",0,0,0,0,0,0,0,0,0,0,0,0,0,0,0,0,0,0,0,0,0,0,15472,0,0,0,0,0,0,0,0,0,0,0,0,0,0,0,0,0,0,0,0,0,0,0,0,0,0
"BK25",0,0,0,0,0,0,0,0,0,0,0,0,0,0,0,0,0,0,0,0,0,0,41899,0,0,0,0,0,0,0,0,0,0,0,0,0,0,0,0,0,0,0,0,0,0,0,0,0,0
"BK26",0,0,0,0,0,0,0,0,0,0,0,0,0,0,0,0,0,0,0,0,0,0,27759,0,0,0,0,0,0,0,0,0,0,0,0,0,0,0,0,0,0,0,0,0,0,0,0,0,0
"BK27",0,0,0,0,2,517590,0,0,2,57500,1,150000,0,0,1,20000,1,1e+05,0,0,0,0,29311,2,1,-1,1,-2,517590,-310090,92500,-30000,-120000,0,5.11753266691686,3.41168844461124,0,6,0.5,1,-1,151.7272,-0.599103537549025,-0.2,-1,0,3.41168844461124e-05,3.41168844461124e-05,0
"BK28",1,48686.6666666667,1,122476,0,0,3,119973,0,0,2,195408,3,235396,2,130952,1,172217,0,0,0,0,86592,1,-1,2,-2,-3,-51189.6666666667,75435,310831,-127635,-303169,1.38549750554324,2.25665188470067,1.98883268662232,0,0.5,-0.333333333333333,-0.4,-1,-0.299070280123391,0.628766472456303,-0.296271622361909,-1,3.46452328159645e-05,2.30968218773097e-05,1.15484109386548e-05,0
"BK29",0,0,0,0,0,0,0,0,0,0,1,120000,1,150000,0,0,1,10000,0,0,0,0,61066,0,1,2,-1,-1,0,120000,270000,-260000,-10000,0,1.96508695509776,0.163757246258147,0,0,5,-0.5,-1,0,93.9362068965517,-0.962962962962963,-1,0,1.63757246258147e-05,1.63757246258147e-05,0
"BK30",0,0,2,563580,1,82446,1,408183,0,0,1,408000,0,0,0,0,0,0,0,0,0,0,45216,0,-1,0,-1,0,-72951,-82629,-183,-408000,0,9.02740180467091,9.02335456475584,0,0,0,-0.5,-1,0,-0.129442137762163,-0.168414423118079,-1,0,2.21160651096957e-05,2.21160651096957e-05,0,0
"BK31",0,0,6,1152818,0,0,5,1391019,1,47500,4,12578440,2,844070,1,64000,4,403012,1,60000,0,0,83821,-1,0,0,-1,-4,238201,11234921,11983991,-12955498,-407012,16.5951133964042,150.063110676322,4.80800753987664,0,-0.166666666666667,0,-0.166666666666667,-0.8,0.206624983301787,8.07675596091786,-0.965206805582562,-0.871523643932062,5.96509227997757e-05,4.77207382398206e-05,4.77207382398206e-05,0
"BK32",5,362667.633333333,4,482663.666666667,6,701162.666666667,12,1116525,10,649844.5,14,1747957.16666667,15,3204128.26666667,10,762093,12,1028189.66666667,9,432857,0,0,54932,9,6,7,-7,-13,972356.366666667,580114,3185715.93333333,-3161802.76666667,-1357425.66666667,20.3255843588437,31.8203809558484,18.7174992111459,0,1,0.333333333333333,-0.241379310344828,-0.590909090909091,1.15026660750249,0.319149439498498,-0.638479042664335,-0.758218627672949,0.000218451904172431,0.000254860554867837,0.000218451904172431,0
"BK33",3,132574.833333333,7,433603,2,635632,2,108998,2,848712,4,631469,1,98425,2,64737.2,1,45780,0,0,0,0,39422,-6,2,1,-2,-3,178452.166666667,735551,-227816,-619376.8,-110517.2,2.76490284612653,16.018187813911,1.16128050327228,0,-0.6,0.5,-0.4,-1,0.315187483791165,0.987807367417375,-0.848584588995114,-1,5.07330931966922e-05,0.000101466186393384,2.53665465983461e-05,0
"BK34",0,0,1,50000,4,444549,1,69838,7,1333553.75,5,966016.666666667,3,296000,4,529122,3,1651796.16666667,1,30000,0,0,71460,4,7,0,-1,-6,464387,1785183.41666667,-141375.083333333,918901.5,-2150918.16666667,0.977301987125665,13.5182852878067,23.114975744006,0,4,1.4,-0.125,-0.857142857142857,9.28774,3.47050647988123,0.728121525072305,-0.986244325688821,1.39938427092079e-05,6.99692135460397e-05,4.19815281276238e-05,0
"BK35",1,61073.3333333333,0,0,3,473120,4,196190,1,272531,0,0,4,427957,5,550374.6,0,0,1,114000,0,0,64331,6,-6,-1,1,-4,608236.666666667,-396779,-40764,122417.6,-436374.6,3.04969610296747,0,0,0,6,-0.857142857142857,0.25,-0.8,9.95912018338609,-0.592817976722296,0.286051168692182,-0.79286834821229,6.21784209789992e-05,0,0,0
"BK37",2,51941.6666666667,17,9357119.33333333,13,14371775.3333333,13,837975.75,9,263662.75,8,910629.333333333,4,316301,12,1788318.83333333,7,700249,2,90952,0,0,72864,7,-9,-10,7,-17,5800690.08333333,-14035459,125291.833333333,1261637.5,-2397615.83333333,11.5005455368906,12.4976577367882,9.61035628019324,0,0.368421052631579,-0.346153846153846,0.583333333333333,-0.894736842105263,0.616500422659959,-0.922793471313274,1.02828780552876,-0.96345207119463,0.000178414580588494,0.000109793588054458,9.60693895476504e-05,0
"BK38",3,167541.833333333,6,1518398.33333333,2,32000,4,523607,3,612000,8,648496,9,4437500,7,2196912.4,3,450500,4,880816.666666667,0,0,35373,-3,5,10,-7,-6,-1130333.16666667,704889,3950389,-2438583.6,-1766595.73333333,14.802448194951,18.3330789019874,12.7357023718655,0,-0.333333333333333,0.833333333333333,-0.411764705882353,-0.6,-0.670446786318336,1.26868271998013,-0.479470215863323,-0.667291478023346,0.000113080598196364,0.000226161196392729,8.48104486472733e-05,0
"BK40",0,0,1,150000,2,75000,0,0,1,150000,1,9414.5,1,2500000,1,150000,2,265000,1,190000,0,0,22571,1,0,1,1,-2,-75000,84414.5,2359414.5,-2094414.5,-225000,0,0.417106021000399,11.7407292543529,0,1,0,0.5,-0.666666666666667,-0.5,1.12552666666667,-0.834622777544324,-0.542168674698795,0,4.43046386956714e-05,8.86092773913429e-05,0
"BK41",0,0,0,0,0,0,0,0,1,38016,0,0,0,0,0,0,1,10000,0,0,0,0,36199,0,1,-1,1,-1,0,38016,-38016,10000,-10000,0,0,0.276250725158154,0,0,5,5.33333333333333,-1,0,93.9362068965517,37.7569058392588,-1,0,0,2.76250725158154e-05,0
"BK42",6,1172654.46666667,4,679791.666666667,4,853154,9,968705,5,360402,7,2017356.5,5,506263,9,1843061,4,268334.333333333,2,40952,0,0,105094,3,-1,-2,1,-11,-30587.1333333335,555899.5,1194512.5,-412224.166666667,-2070443.33333333,9.21751003863208,19.1957342950121,2.55327928648004,0,0.3,-0.0769230769230769,0.0833333333333333,-0.846153846153846,-0.0165117531802635,0.305127619645648,-0.163346402524892,-0.98060429548485,8.56376196547852e-05,6.66070375092774e-05,3.80611642910157e-05,0
"BK43",0,0,0,0,0,0,0,0,0,0,0,0,0,0,1,53500,1,8000,0,0,0,0,51514,0,0,0,2,-2,0,0,0,61500,-61500,0,0,0.155297589004931,0,0,0,5.33333333333333,-1,0,0,37.7569058392588,-1,0,0,1.94121986256163e-05,0
"BK44",0,0,0,0,0,0,0,0,0,0,0,0,0,0,0,0,0,0,0,0,0,0,40001,0,0,0,0,0,0,0,0,0,0,0,0,0,0,0,0,0,0,0,0,0,0,0,0,0,0
"BK45",0,0,0,0,0,0,0,0,0,0,0,0,0,0,0,0,0,0,0,0,0,0,48351,0,0,0,0,0,0,0,0,0,0,0,0,0,0,0,0,0,0,0,0,0,0,0,0,0,0
"BK46",2,97786,0,0,3,600941,4,784135,2,57415.25,0,0,0,0,3,402854.166666667,1,10000,2,50000,0,0,19541,5,-5,-6,4,-2,1287290,-1327660.75,-841550.25,412854.166666667,-362854.166666667,40.1276802620132,0,0.511744537127066,0,2.5,-0.714285714285714,5.33333333333333,-0.5,13.1643589061829,-0.958547220513531,37.7569058392588,-0.878891860523793,0.000204697814850826,0,5.11744537127066e-05,0
"BK50",0,0,0,0,0,0,0,0,0,0,0,0,1,1000,0,0,0,0,0,0,0,0,86160,0,0,1,-1,0,0,0,1000,-1000,0,0,0,0,0,0,0,-1,0,0,0,-1,0,0,0,0,0
"BK58",0,0,0,0,0,0,0,0,0,0,1,216300,1,1000,0,0,1,1500,0,0,0,0,70872,0,1,2,-1,-1,0,216300,217300,-215800,-1500,0,3.05198103623434,0.0211649170335252,0,0,5,-0.5,-1,0,93.9362068965517,-0.993097100782329,-1,0,1.41099446890168e-05,1.41099446890168e-05,0
"BK60",0,0,1,50000,0,0,0,0,1,196321,0,0,1,16666.3333333333,0,0,2,66875,0,0,0,0,69397,-1,1,0,1,-2,-50000,196321,-179654.666666667,50208.6666666667,-66875,0,0,0.96365837139934,0,-1,5,1,-1,-1,93.9362068965517,3.01258025160503,-1,0,0,2.88196896119429e-05,0
"BK61",1,26250,1,5000,3,51500,2,119922,0,0,0,0,0,0,5,852215,6,870092.5,2,19500,0,0,100130,3,-5,-2,11,-9,140172,-171422,-119922,1722307.5,-1702807.5,1.19766303805053,0,8.68962848297214,0,1.5,-1,5.33333333333333,-0.818181818181818,4.485504,-1,37.7569058392588,-0.988677979977443,1.9974033756117e-05,0,5.99221012683511e-05,0
"BK63",2,151821.333333333,4,789943.5,0,0,1,481668,1,50000,4,596050,1,33250,1,33250,1,50000,0,0,1,56933.4,41243,-5,4,3,-3,-1,-460096.833333333,164382,97632,-546050,-26316.6,11.6787818538904,14.4521494556652,1.21232694032927,1.38043789249085,-0.833333333333333,4,-0.6,-0.5,-0.488547477086017,0.341276563940307,-0.86771015413952,-0.316115315315315,2.42465388065854e-05,9.69861552263414e-05,2.42465388065854e-05,2.42465388065854e-05
"BK64",0,0,10,2890057,4,1016255,4,2600262,7,5876998,2,176860,1,24250,8,443735,11,7350666.33333333,3,1101510,1,149333.4,20449,-2,1,-8,16,-15,726460,2437341,-8276150,7593291.33333333,-6543557.93333333,127.158394053499,8.64883368379872,359.463364141686,7.302723849577,-0.2,0.125,5.33333333333333,-0.789473684210526,0.251365284490929,0.673947060113363,37.7569058392588,-0.839520272756462,0.000195608587216979,9.78042936084894e-05,0.000537923614846692,4.89021468042447e-05
"BK68",1,3750,1,7500,3,308120,1,130918,0,0,3,58500,1,5000,6,633477,2,64000,1,60000,0,0,26982,2,-1,3,4,-7,427788,-380538,-67418,633977,-637477,4.85204951449114,2.16811207471648,2.37195167148469,0,1,-0.25,1,-0.875,38.0256,-0.866754130621951,9.98388976377953,-0.913975657978686,3.70617448669483e-05,0.000111185234600845,7.41234897338967e-05,0
"BK69",5,263890,0,0,3,248000,10,477472.4,5,204000,2,108517.8,3,52500,5,429443,4,352095,1,30952,0,0,36413,8,-6,-10,4,-8,461582.4,-412954.6,-520454.6,620520.2,-750586,13.1126905226155,2.98019388679867,9.6694861725208,0,1.6,-0.461538461538462,0.8,-0.888888888888889,1.74914699306529,-0.569221654745239,3.85373666762308,-0.96039603960396,0.000274627193584709,5.49254387169417e-05,0.000109850877433883,0
"BK72",1,234719.8,0,0,0,0,0,0,1,23337.75,1,165903,0,0,0,0,0,0,0,0,0,0,32828,-1,2,0,-1,0,-234719.8,189240.75,142565.25,-165903,0,0,5.05370415498964,0,0,-1,5,-1,0,-1,93.9362068965517,-1,0,0,3.04618009016693e-05,0,0
"BK73",0,0,0,0,0,0,0,0,1,140625,0,0,0,0,1,10000,1,10000,1,10000,0,0,46070,0,1,-1,2,-1,0,140625,-140625,20000,-10000,0,0,0.217060994139353,0,0,5,5.33333333333333,-0.5,0,93.9362068965517,37.7569058392588,-0.5,0,0,2.17060994139353e-05,0
"BK75",0,0,1,350000,2,65000,3,762871,1,79166.6666666667,1,203940,0,0,1,709459,0,0,0,0,0,0,70095,4,-3,-3,0,-1,477871,-544764.333333333,-638097.666666667,505519,-709459,10.8833868321564,2.90947999144019,0,0,4,-0.6,0,-1,1.36534571428571,-0.658030458046402,2.47876336177307,-1,4.27990584207147e-05,1.42663528069049e-05,0,0
"BK76",0,0,0,0,0,0,0,0,0,0,0,0,0,0,0,0,0,0,0,0,0,0,31522,0,0,0,0,0,0,0,0,0,0,0,0,0,0,0,0,0,0,0,0,0,0,0,0,0,0
"BK77",2,58877,2,204941.333333333,1,78391,4,103648.833333333,0,0,0,0,1,167611.5,3,369700,3,278998,1,30952,0,0,61817,1,-5,-3,5,-5,-81778.5,-182039.833333333,63962.6666666667,481086.5,-617746,1.67670435856372,0,4.51328922464694,0,0.25,-1,5,-0.833333333333333,-0.309980352641654,-1,2.87024756654526,-0.952285963576271,6.47071194008121e-05,0,4.85303395506091e-05,0
"BK78",2,104000,1,50000,2,26000,2,139382,6,354787.833333333,3,613588,3,286455,6,715274,2,214000,0,0,0,0,71247,1,5,-2,2,-8,11382,802993.833333333,405873.166666667,29231,-929274,1.9563209679004,8.61212401925695,3.00363524078207,0,0.333333333333333,1.25,0.333333333333333,-1,0.0739090909090909,4.85538833327287,0.0324773371938896,-1,2.80713573904866e-05,4.21070360857299e-05,2.80713573904866e-05,0
"BK79",3,84286.3333333333,1,58253.3333333333,1,178736,5,302607,2,92997.75,1,178736,1,89368,2,130092.6,1,30000,0,0,0,0,31831,2,-3,-5,1,-3,338803.333333333,-209609.25,-127500.75,-108011.4,-160092.6,9.50667588200182,5.61515503754202,0.94247745908077,0,0.5,-0.5,0.5,-1,2.3769056099004,-0.435467535624285,-0.402871273834035,-1,0.000157079576513462,3.14159153026923e-05,3.14159153026923e-05,0
"BK81",0,0,0,0,0,0,0,0,0,0,0,0,0,0,0,0,0,0,0,0,0,0,55412,0,0,0,0,0,0,0,0,0,0,0,0,0,0,0,0,0,0,0,0,0,0,0,0,0,0
"BK82",1,14006.6666666667,0,0,1,118614,5,395586.5,0,0,1,118614,1,59307,1,6250,2,15250,0,0,0,0,91956,5,-5,-3,1,-3,500193.833333333,-395586.5,-217665.5,-156421,-21500,4.30191069642003,1.28989951716038,0.165840184436035,0,5,-0.833333333333333,0.5,-1,35.7111256544503,-0.769323444843014,-0.879159851844358,-1,5.43738309626343e-05,1.08747661925269e-05,2.17495323850537e-05,0
"BK83",0,0,0,0,0,0,0,0,0,0,0,0,0,0,0,0,0,0,0,0,0,0,47526,0,0,0,0,0,0,0,0,0,0,0,0,0,0,0,0,0,0,0,0,0,0,0,0,0,0
"BK85",0,0,0,0,0,0,0,0,0,0,0,0,0,0,0,0,0,0,0,0,0,0,29854,0,0,0,0,0,0,0,0,0,0,0,0,0,0,0,0,0,0,0,0,0,0,0,0,0,0
"BK88",1,13345.5,0,0,0,0,1,2e+05,1,21901.5,3,293483.166666667,0,0,2,259855.666666667,0,0,1,10000,0,0,106203,0,3,1,-1,-1,186654.5,115384.666666667,71581.6666666667,-33627.5,-249855.666666667,1.88318597403087,2.76341691540415,0,0,0,3,-0.333333333333333,-0.5,13.9863249784572,0.576923333333333,-0.114580677256333,-0.961517098594476,9.41592987015433e-06,2.8247789610463e-05,0,0
"BK90",0,0,1,48750,1,204998,0,0,1,44007,0,0,2,153839,4,677852.5,4,552644,0,0,0,0,33155,0,0,1,6,-8,156248,-160991,109832,1076657.5,-1230496.5,0,0,16.6684964560398,0,0,0,3,-1,3.20508717948718,-0.785329612971834,6.9985991848621,-1,0,0,0.000120645453174483,0
"BK91",1,2500,0,0,1,60000,4,321818,3,140575.666666667,1,5000,1,102000,1,11000,1,5000,1,15000,0,0,52657,4,-1,-5,0,-1,379318,-236242.333333333,-355393.666666667,-91000,-1000,6.11159010198074,0.0949541371517557,0.0949541371517557,0,4,-0.2,0,-0.5,151.7272,-0.618730215268356,-0.850467289719626,-0.0625,7.59633097214046e-05,1.89908274303511e-05,1.89908274303511e-05,0
"BK93",0,0,0,0,1,261000,0,0,0,0,0,0,0,0,0,0,0,0,1,111000,0,0,12822,1,-1,0,0,1,261000,-261000,0,0,111000,0,0,0,0,6,-1,0,0,151.7272,-1,0,8.21452727272727,0,0,0,0
"BK95",0,0,0,0,0,0,0,0,0,0,0,0,0,0,0,0,0,0,0,0,0,0,29933,0,0,0,0,0,0,0,0,0,0,0,0,0,0,0,0,0,0,0,0,0,0,0,0,0,0
"BK96",0,0,0,0,0,0,1,6000,0,0,0,0,0,0,0,0,0,0,0,0,0,0,56277,1,-1,-1,0,0,6000,-6000,-6000,0,0,0.106615491230876,0,0,0,6,-1,0,0,151.7272,-1,0,0,1.77692485384793e-05,0,0,0
"BK99",0,0,1,150000,4,373793,2,80000,1,75000,1,56948,3,186970,3,282097,2,251353.5,1,30952,0,0,416,5,-4,1,1,-4,303793,-321845,88918,289532.5,-502498.5,192.307692307692,136.894230769231,604.215144230769,0,5,-0.666666666666667,0.25,-0.8,2.02528666666667,-0.709233064414832,1.18700751892029,-0.941977746763758,0.00480769230769231,0.00240384615384615,0.00480769230769231,0
"BX01",1,36130.6666666667,0,0,0,0,1,54196,0,0,0,0,0,0,0,0,0,0,0,0,0,0,30715,0,-1,-1,0,0,18065.3333333333,-54196,-54196,0,0,1.76447989581638,0,0,0,0,-1,0,0,0.5,-1,0,0,3.25573823864561e-05,0,0,0
"BX03",0,0,0,0,0,0,0,0,0,0,0,0,1,156324.666666667,0,0,0,0,0,0,0,0,36676,0,0,1,-1,0,0,0,156324.666666667,-156324.666666667,0,0,0,0,0,0,0,-1,0,0,0,-1,0,0,0,0,0
"BX05",0,0,0,0,0,0,0,0,0,0,1,22809,0,0,1,30952,1,30952,1,30952,0,0,52591,0,1,1,1,-1,0,22809,22809,39095,-30952,0,0.433705386853264,0.588541765701356,0,0,5,1,-0.5,0,93.9362068965517,1.71401639703626,-0.5,0,1.90146603030937e-05,1.90146603030937e-05,0
"BX06",5,965383,3,140000,2,27500,4,1590054.2,0,0,4,1240935.2,3,508951,2,279551,3,2071103.4,1,50000,0,0,25783,-2,-2,3,-2,-4,512171.2,-376619,159832,600768.2,-2300654.4,61.6706434472327,48.1299771167048,80.3282550517783,0,-0.25,-0.333333333333333,-0.285714285714286,-0.8,0.46334275088363,-0.2328323836073,0.343318439793399,-0.978729327458771,0.000155140984369546,0.000155140984369546,0.000116355738277159,0
"BX07",1,131959,0,0,0,0,0,0,0,0,3,389103,1,53714,0,0,1,489824,0,0,0,0,33728,-1,3,4,-3,-1,-131959,389103,442817,47007,-489824,0,11.5364978652751,14.522770398482,0,-1,5,-0.75,-1,-1,93.9362068965517,0.106154461097925,-1,0,8.89468690702087e-05,2.96489563567362e-05,0
"BX08",0,0,0,0,0,0,0,0,0,0,0,0,0,0,1,36142.4,0,0,1,20000,0,0,35325,0,0,0,1,0,0,0,0,36142.4,-16142.4,0,0,0,0,0,0,5.33333333333333,0,0,0,37.7569058392588,-0.446633317101244,0,0,0,0
"BX09",0,0,0,0,0,0,0,0,2,173002,0,0,0,0,0,0,1,15000,0,0,0,0,53800,0,2,-2,1,-1,0,173002,-173002,15000,-15000,0,0,0.278810408921933,0,0,5,5.33333333333333,-1,0,93.9362068965517,37.7569058392588,-1,0,0,1.85873605947955e-05,0
"BX10",1,2500,0,0,0,0,0,0,0,0,0,0,0,0,0,0,0,0,0,0,0,0,26139,-1,0,0,0,0,-2500,0,0,0,0,0,0,0,0,-1,0,0,0,-1,0,0,0,0,0,0,0
"BX13",0,0,0,0,0,0,0,0,0,0,1,50000,0,0,0,0,0,0,0,0,0,0,44304,0,1,1,-1,0,0,50000,50000,-50000,0,0,1.12856626941134,0,0,0,5,-1,0,0,93.9362068965517,-1,0,0,2.25713253882268e-05,0,0
"BX14",0,0,0,0,0,0,1,52342,0,0,0,0,0,0,1,53190,0,0,0,0,0,0,63504,1,-1,-1,1,-1,52342,-52342,-52342,53190,-53190,0.82423154446964,0,0,0,6,-1,5.33333333333333,-1,151.7272,-1,37.7569058392588,-1,1.57470395565634e-05,0,0,0
"BX17",0,0,0,0,5,435609,1,224889.5,0,0,0,0,3,877999.666666667,1,212644.5,1,30000,0,0,0,0,41871,6,-6,2,-1,-2,660498.5,-660498.5,653110.166666667,-635355.166666667,-242644.5,5.37100857395333,0,0.716486350935015,0,6,-1,-0.333333333333333,-1,151.7272,-1,-0.723639416719596,-1,2.38828783645005e-05,0,2.38828783645005e-05,0
"BX22",4,320056.5,1,66666.6666666667,1,333472,2,298482,1,91666.6666666667,2,311300,1,13832,4,252491,4,653244.5,0,0,0,0,26839,-2,0,0,5,-8,245230.833333333,-228987.333333333,-65016.6666666667,580603.5,-905735.5,11.1212042177428,11.5987928015202,24.3393755356012,0,-0.4,0,1.66666666666667,-1,0.634125013629474,-0.362348103395711,1.78574701967201,-1,7.45184246805023e-05,7.45184246805023e-05,0.000149036849361005,0
"BX26",2,154927.666666667,1,149996.666666667,3,665803,5,719604,1,55952.25,3,684451.5,4,321224.5,5,995176,3,289788.5,2,748981,1,325000,37065,5,-4,1,1,-5,1080482.66666667,-645003.25,230119.75,279288.5,-210983.5,19.4146499392958,18.4662484823958,7.81838661810333,8.76837987319574,1.66666666666667,-0.5,0.142857142857143,-0.625,3.5434452044387,-0.465569504124059,0.27771220552146,-0.164194030263093,0.000134898151895319,8.09388911371914e-05,8.09388911371914e-05,2.69796303790638e-05
"BX27",0,0,0,0,0,0,1,156250,1,225888,1,41000,1,35000,1,55000,0,0,1,506799,0,0,27562,1,1,0,-1,0,156250,110638,-306138,-21000,451799,5.66903708003773,1.4875553298019,0,0,6,1,-0.5,0,151.7272,0.7080832,-0.276315789473684,8.21452727272727,3.62818373122415e-05,3.62818373122415e-05,0,0
"BX28",2,95543.8333333333,0,0,0,0,0,0,0,0,0,0,1,10000,1,30952,2,55952,1,15476,0,0,49715,-2,0,1,2,-2,-95543.8333333333,0,10000,76904,-71428,0,0,1.12545509403601,0,-1,0,2,-0.666666666666667,-1,0,7.6904,-0.821918438736997,0,0,4.02293070501861e-05,0
"BX29",2,55784.8333333333,0,0,0,0,1,632333,0,0,1,17623,0,0,0,0,0,0,0,0,0,0,29848,-1,0,0,-1,0,576548.166666667,-614710,-614710,-17623,0,21.1851045296167,0.590424819083356,0,0,-0.5,0,-1,0,10.3352135735818,-0.972130190896252,-1,0,3.35030822835701e-05,3.35030822835701e-05,0,0
"BX30",0,0,0,0,1,181529.333333333,0,0,0,0,1,167435,0,0,0,0,0,0,0,0,0,0,30599,1,0,1,-1,0,181529.333333333,-14094.3333333333,167435,-167435,0,0,5.4719108467597,0,0,6,0,-1,0,151.7272,-0.0776421808780216,-1,0,0,3.2680806562306e-05,0,0
"BX31",0,0,0,0,0,0,0,0,0,0,0,0,0,0,0,0,0,0,0,0,0,0,33404,0,0,0,0,0,0,0,0,0,0,0,0,0,0,0,0,0,0,0,0,0,0,0,0,0,0
"BX33",0,0,1,285446,0,0,1,142723,0,0,0,0,0,0,1,57900,0,0,0,0,0,0,25542,0,-1,-1,1,-1,-142723,-142723,-142723,57900,-57900,5.58777699475374,0,0,0,0,-1,5.33333333333333,-1,-0.5,-1,37.7569058392588,-1,3.91512019418996e-05,0,0,0
"BX34",2,599987.5,1,89760,0,0,3,156985,1,70823.25,4,660585,1,99564,4,625230,2,386138.5,1,30952,0,0,39020,0,2,1,1,-5,-532762.5,574423.25,532340.75,251219.5,-980416.5,4.02319323423885,16.929395181958,9.89591235263967,0,0,0.666666666666667,0.2,-0.833333333333333,-0.772402219652844,3.65909641048508,0.330487180802711,-0.969395922455564,7.68836494105587e-05,0.000102511532547412,5.12557662737058e-05,0
"BX35",0,0,0,0,0,0,0,0,0,0,1,208700,0,0,1,38080.8,0,0,0,0,0,0,37872,0,1,1,0,-1,0,208700,208700,-170619.2,-38080.8,0,5.51066751161808,0,0,0,5,0,-1,0,93.9362068965517,-0.817533301389554,-1,0,2.64047317279256e-05,0,0
"BX36",2,3189073,0,0,2,16500,0,0,0,0,0,0,0,0,0,0,0,0,0,0,0,0,53944,0,-2,0,0,0,-3172573,-16500,0,0,0,0,0,0,0,0,-1,0,0,-0.994826082689233,-1,0,0,0,0,0,0
"BX37",1,88293.5,0,0,0,0,0,0,0,0,0,0,0,0,1,13815,1,75000,0,0,0,0,30098,-1,0,0,2,-2,-88293.5,0,0,88815,-88815,0,0,2.49185992424746,0,-1,0,5.33333333333333,-1,-1,0,37.7569058392588,-1,0,0,3.32247989899661e-05,0
"BX39",1,93357,1,98700,1,98700,1,49350,0,0,0,0,2,134980.333333333,2,40952,2,199914.666666667,1,114000,0,0,52132,0,-2,1,2,-3,-44007,-148050,85630.3333333333,105886.333333333,-126866.666666667,0.946635463822604,0,3.83477838307885,0,0,-1,1,-0.75,-0.229135100517034,-1,0.784457488868749,-0.526709106006089,1.91820762679352e-05,0,3.83641525358705e-05,0
"BX40",0,0,0,0,0,0,0,0,0,0,0,0,0,0,0,0,0,0,0,0,0,0,26336,0,0,0,0,0,0,0,0,0,0,0,0,0,0,0,0,0,0,0,0,0,0,0,0,0,0
"BX41",1,210000,1,48903.3333333333,2,496430,6,662789.333333333,6,490990.833333333,1,633761,5,852781.166666667,4,343111,5,620631,2,153932,0,0,52237,6,-1,-6,3,-7,900316,-34467.5,332762,-522800.166666667,-809810,12.6881201702497,12.1324157206578,11.8810613166912,0,3,-0.125,0.5,-0.777777777777778,3.47742143142228,-0.0297333722867516,-0.351688756894776,-0.840276754567094,0.000114861113769933,1.91435189616555e-05,9.57175948082777e-05,0
"BX43",0,0,0,0,1,325800,1,1365512,2,335800,1,10000,2,243000,2,352000,2,130000,2,124000,0,0,41217,2,1,0,1,-2,1691312,-1345512,-1448312,229000,-358000,33.129825072179,0.242618337093918,3.15403838222093,0,6,0.5,0.333333333333333,-0.5,151.7272,-0.795543341500563,0.905138339920949,-0.742738589211618,2.42618337093918e-05,2.42618337093918e-05,4.85236674187835e-05,0
"BX44",0,0,0,0,1,12500,1,12500,0,0,0,0,0,0,0,0,0,0,0,0,0,0,61503,2,-2,-1,0,0,25000,-25000,-12500,0,0,0.203242118270653,0,0,0,6,-1,0,0,151.7272,-1,0,0,1.62593694616523e-05,0,0,0
"BX46",0,0,0,0,0,0,0,0,0,0,0,0,0,0,0,0,0,0,0,0,0,0,30376,0,0,0,0,0,0,0,0,0,0,0,0,0,0,0,0,0,0,0,0,0,0,0,0,0,0
"BX49",0,0,0,0,0,0,0,0,0,0,0,0,0,0,2,136943,0,0,0,0,0,0,30191,0,0,0,2,-2,0,0,0,136943,-136943,0,0,0,0,0,0,5.33333333333333,-1,0,0,37.7569058392588,-1,0,0,0,0
"BX52",0,0,0,0,0,0,1,0,0,0,1,0,0,0,0,0,0,0,0,0,0,0,46104,1,0,0,-1,0,0,0,0,0,0,0,0,0,0,6,0,-1,0,0,0,0,0,2.16900919659899e-05,2.16900919659899e-05,0,0
"BX55",0,0,0,0,0,0,0,0,0,0,0,0,1,185661,1,92831,1,30952,1,30952,0,0,35886,0,0,1,1,-1,0,0,185661,-61878,-92831,0,0,0.862509056456557,0,0,0,1,-0.5,0,0,-0.333284857886147,-0.749949508413918,0,0,2.78660201749986e-05,0
"BX59",0,0,0,0,0,0,0,0,0,0,1,8178,0,0,0,0,1,36742,0,0,0,0,27483,0,1,1,0,-1,0,8178,8178,28564,-36742,0,0.297565767929265,1.33689917403486,0,0,5,0,-1,0,93.9362068965517,3.49278552213255,-1,0,3.63861296073937e-05,3.63861296073937e-05,0
"BX62",0,0,0,0,1,55171,0,0,0,0,0,0,0,0,0,0,0,0,0,0,0,0,45805,1,-1,0,0,0,55171,-55171,0,0,0,0,0,0,0,6,-1,0,0,151.7272,-1,0,0,0,0,0,0
"BX63",0,0,0,0,0,0,0,0,0,0,1,30000,1,10000,1,69497.4,0,0,0,0,0,0,39680,0,1,2,-1,-1,0,30000,40000,29497.4,-69497.4,0,0.756048387096774,0,0,0,5,-0.5,-1,0,93.9362068965517,0.737435,-1,0,2.52016129032258e-05,0,0
"BX75",0,0,0,0,0,0,0,0,0,0,0,0,0,0,0,0,0,0,0,0,0,0,20352,0,0,0,0,0,0,0,0,0,0,0,0,0,0,0,0,0,0,0,0,0,0,0,0,0,0
"BX98",0,0,0,0,0,0,0,0,0,0,0,0,0,0,0,0,0,0,0,0,0,0,9741,0,0,0,0,0,0,0,0,0,0,0,0,0,0,0,0,0,0,0,0,0,0,0,0,0,0
"BX99",0,0,0,0,0,0,0,0,0,0,1,40029.5,0,0,0,0,0,0,0,0,0,0,1377,0,1,1,-1,0,0,40029.5,40029.5,-40029.5,0,0,29.0700798838054,0,0,0,5,-1,0,0,93.9362068965517,-1,0,0,0.000726216412490922,0,0
"MN01",1,38275,1,5000,0,0,1,75000,0,0,2,207198,3,286275,0,0,1,10000,1,10000,0,0,50358,-1,1,4,-4,0,31725,132198,418473,-483473,0,1.48933635172167,4.11450017872036,0.198578180229556,0,-0.5,1,-0.8,0,0.733102253032929,1.76264,-0.97973546678339,0,1.98578180229556e-05,3.97156360459113e-05,1.98578180229556e-05,0
"MN03",1,3750,1,3750,1,3750,1,3750,1,7500,1,5000,0,0,0,0,0,0,0,0,0,0,78193,0,0,-1,-1,0,0,5000,-6250,-5000,0,0.0479582571329914,0.0639443428439886,0,0,0,0,-1,0,0,0.666666666666667,-1,0,1.27888685687977e-05,1.27888685687977e-05,0,0
"MN04",0,0,0,0,0,0,0,0,0,0,0,0,1,6214,0,0,0,0,0,0,0,0,51527,0,0,1,-1,0,0,0,6214,-6214,0,0,0,0,0,0,0,-1,0,0,0,-1,0,0,0,0,0
"MN06",0,0,1,246500,0,0,0,0,0,0,0,0,2,62166.6666666667,1,10000,1,10000,0,0,0,0,23845,-1,0,2,0,-2,-246500,0,62166.6666666667,-42166.6666666667,-20000,0,0,0.419375131054728,0,-1,0,0,-1,-1,0,-0.67828418230563,-1,0,0,4.19375131054728e-05,0
"MN09",10,1791949.16666667,2,1196857.83333333,8,1367612.5,16,3021639.5,7,451754.75,12,1870536.7,3,168413,8,2349874.5,13,2894280.66666667,1,30952,0,0,54326,12,-5,-8,6,-20,1400445,-2066960.55,-1434444.55,3205205.46666667,-5213203.16666667,55.6205039944042,34.4317030519457,53.2761599725116,0,1,-0.208333333333333,0.4,-0.952380952380952,0.468563209334025,-0.470914076020242,1.57198849322603,-0.994097810034924,0.000294518278540662,0.000220888708905496,0.000239296101314288,0
"MN11",4,466585.066666667,0,0,1,41700,3,317542.5,3,171195.75,2,143659,2,174710,5,507312.266666667,2,450515,1,10500,0,0,46694,0,1,-2,3,-6,-107342.566666667,-44387.75,-170369.25,639458.266666667,-947327.266666667,6.8004989934467,3.07660513128025,9.6482417441213,0,0,0.25,0.75,-0.857142857142857,-0.230060013350906,-0.123559294905252,2.00854438298536,-0.989037689398276,6.42480832655159e-05,4.28320555103439e-05,4.28320555103439e-05,0
"MN12",2,85000,0,0,1,1000,1,1e+05,0,0,4,551164.5,2,4118560.86666667,2,17500,2,298952,1,25000,0,0,135718,0,2,5,-2,-3,16000,450164.5,4569725.36666667,-4353273.36666667,-291452,0.736821939610074,4.06110095934217,2.20274392490311,0,0,1,-0.333333333333333,-0.75,0.188235294117647,4.45707425742574,-0.932233273875399,-0.920999077269222,7.36821939610074e-06,2.9472877584403e-05,1.47364387922015e-05,0
"MN13",18,14751416.7333333,14,33243936.1666667,18,9927534.16666667,12,3604834,7,1872350,16,12977530.6666667,10,3064564.66666667,12,3573079.5,21,13373938.3333333,4,3656717,1,14841,69299,-2,-7,7,7,-28,-34462984.7333333,1317512.5,10564911.3333333,904922.5,-13275459.8333333,52.0185572663386,187.268657075379,192.98890796885,0.214158934472359,-0.0625,-0.233333333333333,0.269230769230769,-0.848484848484849,-0.718048366164494,0.0973600838946532,0.0564092458744895,-0.783350791501596,0.000173162671900027,0.00023088356253337,0.000303034675825048,1.44302226583356e-05
"MN14",4,233901.5,1,845000,3,1663854.5,2,1450446,2,2055540.5,1,308225.333333333,2,1711320,1,1981153,6,2860149.33333333,0,0,0,0,60205,0,-2,-1,4,-7,2035399,-750534.666666667,-1486441.16666667,2821757,-4841302.33333333,24.0917863964787,5.11959693270216,47.5068405171221,0,0,-0.4,1.33333333333333,-1,1.88654756713194,-0.240996225851252,1.39722389659983,-1,3.32198322398472e-05,1.66099161199236e-05,9.96594967195416e-05,0
"MN15",15,14877332.5666667,13,2965812,7,15344226,34,2565101,5,10860428.3333333,5,7003311.5,4,3297023.66666667,2,339587,6,4270276,2,266206,1,75381,42931,13,-31,-30,-1,-5,66182.433333334,-45587.1666666665,-3125194.16666667,-5690472.16666667,-4268276,59.7493885537257,163.129475204398,99.4683561994829,1.75586406093499,0.464285714285714,-0.75609756097561,-0.111111111111111,-0.625,0.00370912386468983,-0.00254544275542384,-0.552455048752378,-0.925900834797043,0.000791968507605227,0.000116465957000769,0.000139759148400922,2.32931914001537e-05
"MN17",15,3146065.56666667,10,5672954.83333333,10,1855532.5,26,2778679.22619048,23,2558262.16666667,69,18143517.7166667,35,3136567.16666667,58,33633965.2666667,34,5518260.5,10,527479,8,5804006,28228,11,56,55,-12,-74,-4184808.67380952,16067568.1571429,15943143.4904762,17872140.8833333,-32820740.7666667,98.4369854821623,642.748962613953,195.488894005952,205.611662179396,0.44,1.55555555555556,-0.115384615384615,-0.804347826086957,-0.474520806620373,3.46716315664565,0.839852894446435,-0.838285439051833,0.000921071276746493,0.00244438146521185,0.00120447782343772,0.000283406546691229
"MN19",2,1295766,0,0,0,0,0,0,5,280000,2,63000,3,550000,4,1812616.16666667,1,165070.666666667,0,0,0,0,48393,-2,7,0,0,-5,-1295766,343000,333000,1364686.83333333,-1977686.83333333,0,1.3018411753766,3.41104429704021,0,-1,5,0,-1,-1,93.9362068965517,2.22624279499728,-1,0,4.1328291281797e-05,2.06641456408985e-05,0
"MN20",1,332050.6,2,703210,2,182623.333333333,2,314569,0,0,4,324581,2,363382.666666667,3,1626273.6,1,1500000,0,0,0,0,49515,1,0,4,-2,-4,-538068.266666667,-172611.333333333,373394.666666667,2438309.93333333,-3126273.6,6.35300414015955,6.55520549328486,30.2938503483793,0,0.333333333333333,0,-0.333333333333333,-1,-0.519741856945649,-0.347172154035628,3.54424230736991,-1,4.03918004645057e-05,8.07836009290114e-05,2.01959002322529e-05,0
"MN21",2,80223,1,74561,1,92429,0,0,3,151484.25,2,68444,6,182000,2,130896,6,612352.5,2,142594,1,108360,26075,-2,4,5,0,-5,-62355,127499.25,98959.75,492804.5,-492294.5,0,2.62488974113135,23.484276126558,4.15570469798658,-0.666666666666667,4,0,-0.625,-0.402851715939632,1.37942907529022,1.96772332337768,-0.66235518806967,0,7.67018216682646e-05,0.000230105465004794,3.83509108341323e-05
"MN22",2,141674.5,0,0,0,0,0,0,0,0,1,97943,0,0,2,391431.5,1,79734,1,66641,1,12721,43755,-2,1,1,2,-1,-141674.5,97943,97943,373222.5,-391803.5,0,2.23844132099189,1.82228316763798,0.29073248771569,-1,5,2,-0.333333333333333,-1,93.9362068965517,3.81060923190019,-0.83156237033484,0,2.28545309107531e-05,2.28545309107531e-05,2.28545309107531e-05
"MN23",16,3468245.86666667,6,1354998,10,2097008.16666667,12,5917133.25,3,292229.666666667,7,2046802.6,4,588082.666666667,6,1373449.83333333,4,3424990,2,239596,1,183741,67185,0,-12,-4,-1,-7,3190897.55,-5675109.15,-3574477.65,2163554.56666667,-4375102.83333333,88.072237106497,30.4651722854804,50.9784922229664,2.73485152935923,0,-0.545454545454545,-0.0909090909090909,-0.7,0.661566704526848,-0.708136886404041,0.821119080226112,-0.911776115840986,0.000178611297164546,0.000104189923345985,5.95370990548486e-05,1.48842747637121e-05
"MN24",21,1495438.12333333,4,2130215,6,368879,5,161202,7,956475,8,19289203,11,1376611,9,1503817.83333333,11,13931222,3,391718,1,75537,40059,-14,4,7,1,-16,-3095572.12333333,19715597,19548137,-5230774.16666667,-14967784.8333333,4.02411443121396,481.519833245962,347.767592800619,1.88564367557852,-0.56,0.363636363636364,0.0526315789473684,-0.8,-0.853797100282816,37.1935553245636,-0.253112418734954,-0.969727645341678,0.000124815896552585,0.000199705434484136,0.000274594972415687,2.4963179310517e-05
"MN25",17,7042302.61666667,12,17668610.9333333,14,2809411.66666667,16,2825849.41666667,17,1853890.16666667,24,9190959.96666667,20,3458827.66666667,15,3136668,31,8485877.9,7,1036753,3,725543,37506,1,11,11,2,-36,-19075652.4666667,5409589.05,7970048.05,-1027241.73333333,-9860249.9,75.3439294157379,245.053057288612,226.253876713059,19.3447181784248,0.0344827586206897,0.366666666666667,0.0454545454545455,-0.782608695652174,-0.77195253943441,0.959953579790513,-0.0812062433859727,-0.848372635809509,0.000426598410920919,0.000639897616381379,0.000826534421159281,7.99872020476724e-05
"MN27",5,961768.7,2,193500,0,0,1,75000,1,75000,4,614107,7,710639,12,1563856,6,532445,3,316904,1,325000,46550,-6,4,9,7,-14,-1080268.7,614107,1174746,771555,-1454397,1.61117078410311,13.1924167561762,11.4381310418904,6.98174006444683,-0.857142857142857,4,0.636363636363636,-0.777777777777778,-0.93508003808984,8.18809333333333,0.582417308676531,-0.693792065166214,2.14822771213749e-05,8.59291084854995e-05,0.000128893662728249,2.14822771213749e-05
"MN28",0,0,2,218333,3,314800,2,435500,1,179000,2,389000,1,228000,2,282360,4,606174,3,228592,1,83640,74243,3,-2,0,3,-2,531967,-182300,2500,271534,-576302,5.86587287690422,5.23955120348046,8.1647293347521,1.1265708551648,1.5,-0.4,1,-0.333333333333333,2.43649379617373,-0.242969478875117,0.440087520259319,-0.648598703032186,2.69385665988713e-05,2.69385665988713e-05,5.38771331977425e-05,1.34692832994356e-05
"MN31",8,301210.833333333,2,127500,2,34410,12,581302.466666667,2,27500,4,757406.2,0,0,0,0,2,222520,0,0,0,0,81378,4,-8,-10,-2,-2,187001.633333333,169193.733333333,148603.733333333,-534886.2,-222520,7.14323854932127,9.30725994740593,2.73439996067733,0,0.4,-0.571428571428571,-0.5,-1,0.436195259819653,0.274793418183184,-0.70620784461495,-1,0.0001474600014746,4.91533338248667e-05,2.45766669124333e-05,0
"MN32",2,70941.6666666667,0,0,1,15000,2,195000,1,20000,1,135000,2,19782486,1,57500,2,20505702,0,0,0,0,77676,1,-1,0,0,-3,139058.333333333,-55000,19702486,645716,-20563202,2.51042793140738,1.73798856789742,263.990190020083,0,0.5,-0.333333333333333,0,-1,1.96017855045225,-0.261904761904762,0.0324195533512613,-1,2.57479787836655e-05,1.28739893918327e-05,2.57479787836655e-05,0
"MN33",2,108537.333333333,0,0,1,43500,2,128900,1,1000,6,476471,5,525471,4,343363,2,254079.5,1,98370,0,0,59794,1,4,8,-5,-5,63862.6666666667,305071,872042,-404499.5,-499072.5,2.15573468909924,7.96854199418002,4.24924741612871,0,0.5,1.33333333333333,-0.454545454545455,-0.833333333333333,0.588393548149331,1.76955336426914,-0.403715484529045,-0.835348171581366,3.34481720573971e-05,0.000100344516172191,3.34481720573971e-05,0
"MN34",1,1229327.6,0,0,1,76103,0,0,2,118625,4,146000,3,181156.666666667,3,23500,2,13500,1,10000,0,0,60465,0,5,5,-2,-4,-1153224.6,188522,208531.666666667,-290156.666666667,-27000,0,2.41462002811544,0.223269660133962,0,0,5,-0.285714285714286,-0.8,-0.938093800220543,2.4771953799456,-0.886904337371494,-0.72972972972973,0,6.61539733730257e-05,3.30769866865129e-05,0
"MN35",1,3000,0,0,0,0,0,0,3,39000,2,112637,0,0,2,60000,0,0,1,10000,0,0,71085,-1,5,-1,0,-1,-3000,151637,73637,-52637,-50000,0,1.58453963564746,0,0,-1,5,0,-0.5,-1,93.9362068965517,-0.467315358186031,-0.833333333333333,0,2.81353309418302e-05,0,0
"MN36",7,1445145.66666667,6,1137766,5,562289.666666667,9,1262297,5,519358.416666667,4,925613.666666667,2,125439,12,1466836,5,540892.5,2,514605.333333333,1,324485,89551,1,-5,-8,11,-14,-758325,-379614.583333333,-730602.75,956675.833333333,-1168638.16666667,14.0958448258534,10.3361622613557,6.04004980402229,3.62346595794575,0.0769230769230769,-0.357142857142857,1.83333333333333,-0.823529411764706,-0.293593083258106,-0.208055112025372,0.910207322309887,-0.582069820031277,0.000100501390269232,4.46672845641031e-05,5.58341057051289e-05,1.11668211410258e-05
"MN40",2,47708,0,0,2,2158459,2,2029738.2,2,1539450,3,2066468,2,1676939,3,746124,3,548438.5,0,0,1,325000,58834,2,1,1,1,-5,4140489.2,-582279.2,174218.8,-2448844.5,-969562.5,34.4994085052861,35.1237039806914,9.32179522045076,5.52401672502295,1,0.25,0.2,-0.833333333333333,86.7881529303261,-0.139028601614079,-0.654175327449032,-0.748949934823541,3.39939490770643e-05,5.09909236155964e-05,5.09909236155964e-05,1.69969745385321e-05
"MN50",0,0,0,0,0,0,0,0,0,0,0,0,0,0,0,0,0,0,0,0,0,0,21864,0,0,0,0,0,0,0,0,0,0,0,0,0,0,0,0,0,0,0,0,0,0,0,0,0,0
"MN99",0,0,0,0,0,0,0,0,0,0,0,0,0,0,1,10000,1,10000,0,0,0,0,1483,0,0,0,2,-2,0,0,0,20000,-20000,0,0,6.74308833445718,0,0,0,5.33333333333333,-1,0,0,37.7569058392588,-1,0,0,0.000674308833445718,0
"QN01",0,0,0,0,0,0,0,0,0,0,0,0,0,0,0,0,0,0,0,0,0,0,36864,0,0,0,0,0,0,0,0,0,0,0,0,0,0,0,0,0,0,0,0,0,0,0,0,0,0
"QN02",1,500,0,0,0,0,0,0,0,0,0,0,2,387375,3,186000,1,10000,2,2e+05,0,0,26959,-1,0,2,2,-2,-500,0,387375,-191375,4000,0,0,0.370933639971809,0,-1,0,1,-0.5,-1,0,-0.494030332365279,0.0204081632653061,0,0,3.70933639971809e-05,0
"QN03",0,0,0,0,0,0,0,0,0,0,0,0,0,0,0,0,0,0,0,0,0,0,19901,0,0,0,0,0,0,0,0,0,0,0,0,0,0,0,0,0,0,0,0,0,0,0,0,0,0
"QN05",0,0,0,0,0,0,0,0,0,0,0,0,0,0,0,0,0,0,0,0,0,0,28201,0,0,0,0,0,0,0,0,0,0,0,0,0,0,0,0,0,0,0,0,0,0,0,0,0,0
"QN06",1,33333,1,87750,0,0,5,585661.2,4,325375,4,256526.4,2,65964,0,0,0,0,0,0,0,0,25067,3,3,-3,-6,0,464578.2,-3759.79999999993,-588545.8,-322490.4,0,23.3638329277536,10.2336298719432,0,0,1.5,0.6,-1,0,3.8368573623052,-0.00641975258050206,-1,0,0.000199465432640523,0.000159572346112419,0,0
"QN07",0,0,0,0,0,0,0,0,0,0,0,0,0,0,0,0,0,0,0,0,0,0,21520,0,0,0,0,0,0,0,0,0,0,0,0,0,0,0,0,0,0,0,0,0,0,0,0,0,0
"QN08",0,0,0,0,0,0,0,0,0,0,0,0,1,10000,2,15000,0,0,0,0,0,0,51098,0,0,1,1,-2,0,0,10000,5000,-15000,0,0,0,0,0,0,1,-1,0,0,0.5,-1,0,0,0,0
"QN10",0,0,0,0,0,0,0,0,0,0,0,0,0,0,0,0,0,0,0,0,0,0,29543,0,0,0,0,0,0,0,0,0,0,0,0,0,0,0,0,0,0,0,0,0,0,0,0,0,0
"QN12",0,0,0,0,0,0,0,0,1,286263,0,0,0,0,0,0,0,0,0,0,0,0,35500,0,1,-1,0,0,0,286263,-286263,0,0,0,0,0,0,0,5,0,0,0,93.9362068965517,0,0,0,0,0,0
"QN15",0,0,0,0,1,62500,1,207138,4,257666.25,2,223500,3,115000,1,30000,1,24096,0,0,0,0,50294,2,4,0,-3,-2,269638,211528.25,-126304.25,-284404,-54096,4.11854296735197,4.44387004414045,0.479102875094445,0,6,2,-0.6,-1,151.7272,0.784489760345352,-0.840189069423929,-1,1.98830874458186e-05,3.97661748916372e-05,1.98830874458186e-05,0
"QN17",2,166630,1,309400,2,180797,4,200340,2,101513.25,4,920180,4,210797,4,918403,3,213214,2,48690,0,0,84694,3,0,2,-1,-5,-94893,640556.25,829123.75,640,-1082927,2.36545682102628,10.8647601955274,2.51746286631875,0,1,0,-0.125,-0.714285714285714,-0.199342478415226,1.68064567334056,0.000565882418475354,-0.956973074812414,4.72288473799797e-05,4.72288473799797e-05,3.54216355349848e-05,0
"QN18",0,0,0,0,0,0,0,0,0,0,0,0,0,0,0,0,0,0,0,0,0,0,27500,0,0,0,0,0,0,0,0,0,0,0,0,0,0,0,0,0,0,0,0,0,0,0,0,0,0
"QN19",0,0,0,0,0,0,0,0,2,105000,0,0,0,0,1,30952,2,46930,1,30952,0,0,31750,0,2,-2,3,-2,0,105000,-105000,77882,-46930,0,0,1.47811023622047,0,0,5,5.33333333333333,-0.666666666666667,0,93.9362068965517,37.7569058392588,-0.602578259418094,0,0,6.2992125984252e-05,0
"QN20",0,0,0,0,0,0,0,0,0,0,0,0,0,0,0,0,1,14709,0,0,0,0,70166,0,0,0,1,-1,0,0,0,14709,-14709,0,0,0.20963144542941,0,0,0,5.33333333333333,-1,0,0,37.7569058392588,-1,0,0,1.42519168828207e-05,0
"QN21",0,0,0,0,0,0,0,0,0,0,0,0,0,0,0,0,0,0,0,0,0,0,39062,0,0,0,0,0,0,0,0,0,0,0,0,0,0,0,0,0,0,0,0,0,0,0,0,0,0
"QN22",0,0,1,103887,0,0,1,3000,3,6500,0,0,3,44000,2,33952,2,38952,1,30952,0,0,69382,0,2,-1,1,-3,-100887,3500,34500,28904,-41952,0.0432388804012568,0,0.561413623129918,0,0,2,0.333333333333333,-0.75,-0.971122469606399,1.16666666666667,0.656909090909091,-0.575441676725557,1.44129601337523e-05,0,2.88259202675045e-05,0
"QN23",1,98315,0,0,0,0,0,0,0,0,0,0,0,0,0,0,0,0,2,262218,0,0,24199,-1,0,0,0,2,-98315,0,0,0,262218,0,0,0,0,-1,0,0,0,-1,0,0,8.21452727272727,0,0,0,0
"QN25",1,7000,1,13000,2,10000,4,23781,3,21500,3,21500,6,34500,8,103952,8,309184.666666667,0,0,0,0,54091,4,0,2,7,-16,13781,9219,10719,357136.666666667,-413136.666666667,0.439648000591596,0.397478323565843,5.71600944088049,0,2,0,0.777777777777778,-1,0.68905,0.272904887362719,6.37744047619048,-1,7.39494555471335e-05,5.54620916603502e-05,0.000147898911094267,0
"QN26",0,0,0,0,0,0,0,0,0,0,0,0,0,0,0,0,0,0,0,0,0,0,50295,0,0,0,0,0,0,0,0,0,0,0,0,0,0,0,0,0,0,0,0,0,0,0,0,0,0
"QN27",0,0,0,0,0,0,0,0,0,0,0,0,0,0,0,0,0,0,0,0,0,0,23070,0,0,0,0,0,0,0,0,0,0,0,0,0,0,0,0,0,0,0,0,0,0,0,0,0,0
"QN28",2,25097,1,117857,1,180000,2,481715.6,0,0,2,187823,1,20000,2,48690,5,523070,2,48690,0,0,105188,0,-1,1,4,-5,518761.6,-473892.6,-273892.6,363937,-523070,4.57956801156025,1.78559341369738,4.97271551888048,0,0,-0.333333333333333,1.33333333333333,-0.714285714285714,3.62887082558026,-0.716157515403899,1.75118730843073,-0.914841891702812,1.90135756930448e-05,1.90135756930448e-05,4.75339392326121e-05,0
"QN29",1,10000,0,0,0,0,0,0,0,0,0,0,1,2000,0,0,0,0,0,0,0,0,84904,-1,0,1,-1,0,-10000,0,2000,-2000,0,0,0,0,0,-1,0,-1,0,-1,0,-1,0,0,0,0,0
"QN30",0,0,0,0,0,0,0,0,1,27000,0,0,2,95000,0,0,0,0,0,0,0,0,27677,0,1,1,-2,0,0,27000,68000,-95000,0,0,0,0,0,0,5,-1,0,0,93.9362068965517,-1,0,0,0,0,0
"QN31",6,1729483.6,1,90000,3,740645,3,562293.5,2,262048,1,105470,3,183748.75,5,375211,5,945521,3,155661,1,103649,60575,-1,-3,-1,6,-6,-516545.1,-935420.5,-535122.75,1031513.25,-1061422,9.2826000825423,1.74114733801073,15.6090961617829,1.71108543128353,-0.142857142857143,-0.5,1.5,-0.6,-0.28389654075475,-0.717931429610837,3.56655040518639,-0.803661908699115,4.9525381758151e-05,1.65084605860503e-05,8.25423029302517e-05,1.65084605860503e-05
"QN33",0,0,1,1500,1,2900,0,0,1,124940,1,150375,0,0,2,45952,1,38690,1,38690,0,0,20212,0,1,0,2,-2,1400,272415,25435,-65733,-45952,0,7.43988719572531,1.914209380566,0,0,1,2,-0.666666666666667,0.933333333333333,93.9362068965517,-0.437127182044888,-0.542898324708773,0,4.94755590738175e-05,4.94755590738175e-05,0
"QN34",0,0,0,0,0,0,0,0,0,0,0,0,0,0,0,0,0,0,0,0,0,0,57549,0,0,0,0,0,0,0,0,0,0,0,0,0,0,0,0,0,0,0,0,0,0,0,0,0,0
"QN35",0,0,0,0,1,90000,0,0,0,0,0,0,2,116666.333333333,0,0,0,0,0,0,0,0,38449,1,-1,2,-2,0,90000,-90000,116666.333333333,-116666.333333333,0,0,0,0,0,6,-1,-1,0,151.7272,-1,-1,0,0,0,0,0
"QN37",0,0,0,0,0,0,0,0,0,0,0,0,0,0,0,0,0,0,1,30000,0,0,36683,0,0,0,0,1,0,0,0,0,30000,0,0,0,0,0,0,0,0,0,0,0,8.21452727272727,0,0,0,0
"QN38",0,0,0,0,0,0,0,0,0,0,0,0,0,0,0,0,0,0,0,0,0,0,33532,0,0,0,0,0,0,0,0,0,0,0,0,0,0,0,0,0,0,0,0,0,0,0,0,0,0
"QN41",0,0,0,0,0,0,0,0,0,0,0,0,0,0,0,0,0,0,0,0,0,0,18177,0,0,0,0,0,0,0,0,0,0,0,0,0,0,0,0,0,0,0,0,0,0,0,0,0,0
"QN42",1,6798,0,0,0,0,0,0,0,0,1,2694,0,0,0,0,0,0,0,0,0,0,28097,-1,1,1,-1,0,-6798,2694,2694,-2694,0,0,0.0958821226465459,0,0,-1,5,-1,0,-1,93.9362068965517,-1,0,0,3.55909883617468e-05,0,0
"QN43",0,0,0,0,0,0,0,0,0,0,0,0,0,0,0,0,0,0,0,0,0,0,25964,0,0,0,0,0,0,0,0,0,0,0,0,0,0,0,0,0,0,0,0,0,0,0,0,0,0
"QN44",0,0,0,0,0,0,0,0,0,0,0,0,0,0,1,39753.8,0,0,0,0,0,0,22427,0,0,0,1,-1,0,0,0,39753.8,-39753.8,0,0,0,0,0,0,5.33333333333333,-1,0,0,37.7569058392588,-1,0,0,0,0
"QN45",0,0,0,0,0,0,0,0,0,0,0,0,0,0,0,0,0,0,0,0,0,0,25619,0,0,0,0,0,0,0,0,0,0,0,0,0,0,0,0,0,0,0,0,0,0,0,0,0,0
"QN46",0,0,0,0,0,0,0,0,0,0,0,0,0,0,0,0,0,0,0,0,0,0,45522,0,0,0,0,0,0,0,0,0,0,0,0,0,0,0,0,0,0,0,0,0,0,0,0,0,0
"QN47",0,0,0,0,0,0,0,0,0,0,0,0,0,0,0,0,0,0,0,0,0,0,22943,0,0,0,0,0,0,0,0,0,0,0,0,0,0,0,0,0,0,0,0,0,0,0,0,0,0
"QN48",0,0,0,0,0,0,0,0,0,0,0,0,0,0,0,0,0,0,0,0,0,0,20684,0,0,0,0,0,0,0,0,0,0,0,0,0,0,0,0,0,0,0,0,0,0,0,0,0,0
"QN49",0,0,0,0,0,0,0,0,0,0,0,0,0,0,0,0,0,0,0,0,0,0,32331,0,0,0,0,0,0,0,0,0,0,0,0,0,0,0,0,0,0,0,0,0,0,0,0,0,0
"QN50",0,0,0,0,0,0,0,0,0,0,0,0,0,0,0,0,0,0,0,0,0,0,25088,0,0,0,0,0,0,0,0,0,0,0,0,0,0,0,0,0,0,0,0,0,0,0,0,0,0
"QN51",0,0,0,0,0,0,1,1000,0,0,1,9626.66666666667,2,126890,2,32952,1,25380,1,30952,0,0,51509,1,0,2,0,-2,1000,8626.66666666667,135516.666666667,-78184.6666666667,-27380,0.0194140829757906,0.186892905446945,0.492729425925566,0,6,0,0,-0.666666666666667,151.7272,8.62666666666667,-0.57271151263582,-0.469382157306453,1.94140829757906e-05,1.94140829757906e-05,1.94140829757906e-05,0
"QN52",0,0,0,0,0,0,0,0,0,0,0,0,1,101300.75,0,0,0,0,0,0,0,0,27943,0,0,1,-1,0,0,0,101300.75,-101300.75,0,0,0,0,0,0,0,-1,0,0,0,-1,0,0,0,0,0
"QN53",1,25000,0,0,0,0,1,116637,0,0,0,0,0,0,0,0,0,0,0,0,0,0,59550,0,-1,-1,0,0,91637,-116637,-116637,0,0,1.95863979848866,0,0,0,0,-1,0,0,3.66548,-1,0,0,1.67926112510495e-05,0,0,0
"QN54",2,199620,2,160413.5,2,665940.5,0,0,1,362485,1,517548.666666667,0,0,0,0,1,388664,0,0,0,0,65199,-2,0,0,0,-1,305907,214093.166666667,155063.666666667,-128884.666666667,-388664,0,7.93798473391719,5.9611957238608,0,-0.5,0,0,-1,0.849662600841311,0.321489932909422,-0.249029076814676,-1,0,1.53376585530453e-05,1.53376585530453e-05,0
"QN55",0,0,0,0,0,0,0,0,0,0,1,251488,1,30000,1,30952,0,0,0,0,0,0,80046,0,1,2,-1,-1,0,251488,281488,-250536,-30952,0,3.14179346875547,0,0,0,5,-0.5,-1,0,93.9362068965517,-0.890041493775934,-1,0,1.24928166304375e-05,0,0
"QN56",0,0,0,0,0,0,0,0,0,0,0,0,0,0,0,0,0,0,0,0,0,0,22136,0,0,0,0,0,0,0,0,0,0,0,0,0,0,0,0,0,0,0,0,0,0,0,0,0,0
"QN57",0,0,0,0,0,0,0,0,0,0,0,0,0,0,1,35954,0,0,0,0,0,0,28769,0,0,0,1,-1,0,0,0,35954,-35954,0,0,0,0,0,0,5.33333333333333,-1,0,0,37.7569058392588,-1,0,0,0,0
"QN60",1,32500,0,0,0,0,1,30000,0,0,0,0,0,0,0,0,0,0,0,0,0,0,22878,0,-1,-1,0,0,-2500,-30000,-30000,0,0,1.311303435615,0,0,0,0,-1,0,0,-0.0769230769230769,-1,0,0,4.37101145205e-05,0,0,0
"QN61",3,2861766,1,1698229,0,0,0,0,0,0,1,123570,1,183013,3,757461,1,40848,0,0,0,0,50922,-4,1,2,2,-4,-4559995,123570,306583,491726,-798309,0,2.42665252739484,0.802168021680217,0,-1,5,1,-1,-1,93.9362068965517,1.60389193138563,-1,0,1.96378775381957e-05,1.96378775381957e-05,0
"QN62",0,0,0,0,0,0,0,0,0,0,0,0,0,0,0,0,0,0,0,0,0,0,20989,0,0,0,0,0,0,0,0,0,0,0,0,0,0,0,0,0,0,0,0,0,0,0,0,0,0
"QN63",1,20481.3333333333,2,48500,0,0,1,30722,0,0,0,0,1,228000,1,342000,0,0,1,13500,0,0,45259,-2,-1,0,0,0,-38259.3333333333,-30722,197278,114000,-328500,0.678804215736097,0,0,0,-0.666666666666667,-1,0,0,-0.554633137467141,-1,0.5,-0.960526315789474,2.20950529176517e-05,0,0,0
"QN66",0,0,0,0,1,48600,0,0,0,0,1,56038.25,0,0,0,0,0,0,0,0,0,0,25141,1,0,1,-1,0,48600,7438.25,56038.25,-56038.25,0,0,2.22895867308381,0,0,6,0,-1,0,151.7272,0.153050411522634,-1,0,0,3.97756652480013e-05,0,0
"QN68",0,0,0,0,0,0,0,0,1,714.285714285714,0,0,0,0,1,36250,1,72500,0,0,0,0,18539,0,1,-1,2,-2,0,714.285714285714,-714.285714285714,108750,-108750,0,0,3.91067479367819,0,0,5,5.33333333333333,-1,0,93.9362068965517,37.7569058392588,-1,0,0,5.39403419817682e-05,0
"QN70",0,0,0,0,0,0,0,0,0,0,0,0,0,0,0,0,0,0,0,0,0,0,75149,0,0,0,0,0,0,0,0,0,0,0,0,0,0,0,0,0,0,0,0,0,0,0,0,0,0
"QN71",0,0,2,2853075.25,1,2627649.66666667,1,47950,0,0,4,18282652,1,47950,1,36768,3,14180649,1,10000,0,0,26470,0,2,4,-1,-3,-177475.583333333,15607052.3333333,18282652,-4113185,-14207417,1.81148469965999,690.693313184737,535.725311673593,0,0,1,-0.2,-0.75,-0.0622050131111451,5.83310445421643,-0.22438897533207,-0.999296637356842,3.77786173026067e-05,0.000151114469210427,0.00011333585190782,0
"QN72",0,0,1,734830.5,2,940000,2,940000,0,0,0,0,1,4e+05,1,25500,0,0,0,0,0,0,49001,3,-4,-1,0,-1,1145169.5,-1880000,-540000,-374500,-25500,19.1832819738373,0,0,0,3,-1,0,-1,1.55841313064714,-1,-0.93625,-1,4.08154935613559e-05,0,0,0
"QN76",0,0,0,0,0,0,0,0,0,0,0,0,0,0,0,0,0,0,0,0,0,0,34293,0,0,0,0,0,0,0,0,0,0,0,0,0,0,0,0,0,0,0,0,0,0,0,0,0,0
"QN98",1,191015,0,0,0,0,0,0,0,0,0,0,0,0,0,0,0,0,0,0,0,0,0,-1,0,0,0,0,-191015,0,0,0,0,0,0,0,0,-1,0,0,0,-1,0,0,0,0,0,0,0
"QN99",0,0,0,0,0,0,0,0,0,0,0,0,0,0,0,0,0,0,0,0,0,0,438,0,0,0,0,0,0,0,0,0,0,0,0,0,0,0,0,0,0,0,0,0,0,0,0,0,0
"SI01",0,0,0,0,0,0,0,0,0,0,0,0,0,0,0,0,0,0,0,0,0,0,28727,0,0,0,0,0,0,0,0,0,0,0,0,0,0,0,0,0,0,0,0,0,0,0,0,0,0
"SI05",1,2500,2,3e+05,3,138333.333333333,4,12333.3333333333,2,12500,1,5000,2,12500,0,0,1,18664,0,0,0,0,39517,4,-4,-3,-2,-1,-151833.333333333,-133166.666666667,-7333.33333333333,1164,-18664,0.312101964555339,0.126527823468381,0.472303059442771,0,1.33333333333333,-0.571428571428571,-0.666666666666667,-1,-0.501928374655647,-0.883849557522124,0.0665142857142857,-1,0.000101222258774705,2.53055646936761e-05,2.53055646936761e-05,0
"SI07",0,0,0,0,0,0,0,0,0,0,0,0,0,0,0,0,0,0,0,0,0,0,24202,0,0,0,0,0,0,0,0,0,0,0,0,0,0,0,0,0,0,0,0,0,0,0,0,0,0
"SI08",1,27900,0,0,1,22500,0,0,0,0,0,0,0,0,0,0,0,0,0,0,0,0,23858,0,-1,0,0,0,-5400,-22500,0,0,0,0,0,0,0,0,-1,0,0,-0.193548387096774,-1,0,0,0,0,0,0
"SI11",0,0,0,0,0,0,0,0,0,0,0,0,0,0,0,0,0,0,0,0,0,0,24083,0,0,0,0,0,0,0,0,0,0,0,0,0,0,0,0,0,0,0,0,0,0,0,0,0,0
"SI12",0,0,0,0,0,0,0,0,0,0,1,91510.75,1,3000,2,11375,1,5000,1,6500,0,0,30473,0,1,2,1,-2,0,91510.75,94510.75,-78135.75,-9875,0,3.00301086207462,0.164079677091195,0,0,5,0.5,-0.666666666666667,0,93.9362068965517,-0.826739286271667,-0.603053435114504,0,3.28159354182391e-05,3.28159354182391e-05,0
"SI14",0,0,0,0,0,0,0,0,0,0,0,0,0,0,0,0,0,0,0,0,0,0,14775,0,0,0,0,0,0,0,0,0,0,0,0,0,0,0,0,0,0,0,0,0,0,0,0,0,0
"SI22",2,5000,1,119600,2,116700,2,121700,1,4000,1,175992,2,48000,1,41429,2,152066.5,1,41428,0,0,NA,1,-2,0,0,-2,113800,-58408,98292,-30496.5,-152067.5,NA,NA,NA,0,0.333333333333333,-0.5,0,-0.666666666666667,0.913322632423756,-0.245,-0.136149951783992,-0.785896829642033,NA,NA,NA,0
"SI24",1,7500,0,0,1,2000,1,159036,0,0,0,0,3,241040.5,6,60595.6666666667,5,302010,0,0,1,325000,31931,1,-2,2,8,-10,153536,-161036,82004.5,121565.166666667,-37605.6666666667,4.98061444990761,0,9.45820675832263,10.1781967367135,1,-1,2.66666666666667,-0.909090909090909,20.4714666666667,-1,0.504335025303493,-0.103709539380245,3.1317528420657e-05,0,0.000156587642103285,3.1317528420657e-05
"SI25",0,0,0,0,0,0,0,0,0,0,0,0,0,0,0,0,0,0,0,0,0,0,22038,0,0,0,0,0,0,0,0,0,0,0,0,0,0,0,0,0,0,0,0,0,0,0,0,0,0
"SI28",0,0,0,0,0,0,0,0,0,0,0,0,0,0,0,0,0,0,0,0,0,0,19240,0,0,0,0,0,0,0,0,0,0,0,0,0,0,0,0,0,0,0,0,0,0,0,0,0,0
"SI32",0,0,0,0,0,0,0,0,0,0,0,0,0,0,0,0,0,0,0,0,0,0,19938,0,0,0,0,0,0,0,0,0,0,0,0,0,0,0,0,0,0,0,0,0,0,0,0,0,0
"SI35",0,0,0,0,0,0,0,0,0,0,3,593223,0,0,1,32290.4,0,0,0,0,0,0,18310,0,3,3,-2,-1,0,593223,593223,-560932.6,-32290.4,0,32.3988530857455,0,0,0,5,-0.666666666666667,-1,0,93.9362068965517,-0.945567855595619,-1,0,0.000163844893500819,0,0
"SI36",0,0,0,0,0,0,1,1248.25,1,2500,1,2500,1,116344,2,60671,0,0,0,0,0,0,24999,1,1,0,0,-2,1248.25,3751.75,115095.75,-58173,-60671,0.0499319972798912,0.100004000160006,0,0,6,1,0,-1,151.7272,3.00560785099139,-0.489490424421931,-1,4.00016000640026e-05,4.00016000640026e-05,0,0
"SI37",0,0,0,0,0,0,0,0,0,0,0,0,0,0,0,0,0,0,0,0,0,0,25635,0,0,0,0,0,0,0,0,0,0,0,0,0,0,0,0,0,0,0,0,0,0,0,0,0,0
"SI45",0,0,0,0,0,0,0,0,1,178575,0,0,0,0,0,0,0,0,0,0,0,0,21208,0,1,-1,0,0,0,178575,-178575,0,0,0,0,0,0,0,5,0,0,0,93.9362068965517,0,0,0,0,0,0
"SI48",0,0,0,0,0,0,0,0,0,0,0,0,0,0,0,0,0,0,0,0,0,0,24799,0,0,0,0,0,0,0,0,0,0,0,0,0,0,0,0,0,0,0,0,0,0,0,0,0,0
"SI54",1,33236,0,0,0,0,0,0,0,0,0,0,0,0,0,0,0,0,0,0,0,0,43427,-1,0,0,0,0,-33236,0,0,0,0,0,0,0,0,-1,0,0,0,-1,0,0,0,0,0,0,0
"SI99",0,0,0,0,0,0,0,0,0,0,0,0,0,0,0,0,0,0,0,0,0,0,0,0,0,0,0,0,0,0,0,0,0,0,0,0,0,0,0,0,0,0,0,0,0,0,0,0,0
