"","NTACode","ce03_12","ce03_11","ce03_10","ce03_09","ce03_08","ce03_07","ce03_06","ce03_05","ce03_04","ce03_03","ce03_02","ce02_12","ce02_11","ce02_10","ce02_09","ce02_08","ce02_07","ce02_06","ce02_05","ce02_04","ce02_03","ce02_02","ce01_12","ce01_11","ce01_10","ce01_09","ce01_08","ce01_07","ce01_06","ce01_05","ce01_04","ce01_03","ce01_02","c000_12","c000_11","c000_10","c000_09","c000_08","c000_07","c000_06","c000_05","c000_04","c000_03","c000_02","pcdel2005","pcdel2007","pcdel2010","pcdel2012"
"1","BK09",9078,8739,7831,7739,6513,6485,6097,5505,5351,5269,5563,2244,2110,1668,1690,1623,1778,1756,1776,1897,1815,1980,2385,2240,1621,1577,1555,1625,1603,1635,1613,1686,1590,13707,13089,11120,11006,9691,9888,9456,8916,8861,8770,9133,-0.0015197780287502,-0.0866658543069834,-0.110104649358136,0.194170164943924
"2","BK17",11560,11711,11413,10929,9010,9323,8380,8161,7451,7236,7004,8419,8547,8308,8489,7894,8434,8475,8348,8031,8493,8651,6306,6190,5750,5639,5759,5916,5974,6298,6550,6473,6724,26285,26448,25471,25057,22663,23673,22829,22807,22032,22202,22379,-0.0320471591081456,-0.107659481885727,-0.105428340111718,0.0513203057883068
"3","BK19",4556,4584,4433,3653,3285,3108,3078,2759,2561,2534,2330,4529,4659,4578,4163,4423,4492,4581,4608,4396,4165,4394,3299,3285,2968,2744,3053,2945,2997,3237,3211,3173,3433,12384,12528,11979,10560,10761,10545,10656,10604,10168,9872,10157,-0.0588314377181281,-0.0971209279772022,-0.0997792555813116,0.042863990490223
"4","BK21",3280,3374,3533,3100,2958,2809,2653,2444,2260,2217,1974,3998,3774,4199,3947,4228,4065,4316,4239,4096,4433,4438,2799,2712,2760,2651,2946,2739,2836,2961,3131,3056,3410,10077,9860,10492,9698,10132,9613,9805,9644,9487,9706,9822,-0.0382896519727084,-0.0983911790422368,-0.0691753321458459,0.031405367491594
"5","BK23",2712,2823,2763,1659,1968,1528,1954,1656,1637,1567,1362,2253,2184,2391,1638,2417,2120,2604,2554,2529,2657,2542,1543,1452,1400,954,1620,1242,1641,1812,1830,1881,1944,6508,6459,6554,4251,6005,4890,6199,6022,5996,6105,5848,-0.0529929289072927,-0.142084494437175,-0.17064724350834,0.0601702878341131
"6","BK25",6095,6111,6358,6135,5429,5402,4977,4682,4542,4462,4278,4837,4931,4897,5043,5126,5299,5161,5164,5029,5214,5397,3622,3791,3678,3554,3992,3975,4099,4030,4295,4283,4725,14554,14833,14933,14732,14547,14676,14237,13876,13866,13959,14400,-0.0552671650144001,-0.0694298573467113,-0.105780686305221,0.0347243809043852
"7","BK26",4173,4026,4099,3635,2971,2945,2667,2446,2239,2153,2081,3894,3689,3623,3580,3452,3668,3729,3602,3676,3680,3747,2992,2836,2355,2321,2560,2431,2449,2574,2744,2669,2960,11059,10551,10077,9536,8983,9044,8845,8622,8659,8502,8788,-0.0547575712582924,-0.113549896334319,-0.138874672314617,0.1311867307891
"8","BK27",4731,4693,4751,4403,3722,3686,3456,3151,2975,3022,2897,3629,3657,3616,3575,3582,3616,3475,3289,3453,3579,3750,2815,2666,2540,2605,2539,2597,2723,2612,2824,2874,2914,11175,11016,10907,10583,9843,9899,9654,9052,9252,9475,9561,-0.0232563091711329,-0.0838537862808455,-0.0797303570884959,0.0316537592460264
"9","BK28",12144,11965,11980,11511,9795,9930,8913,8146,7703,7712,7456,11719,11404,11006,10896,10382,11017,10384,10092,10114,10711,10714,9630,9009,8433,8664,8484,8953,8841,8850,9008,9235,9398,33493,32378,31419,31071,28661,29900,28138,27088,26825,27658,27568,-0.0182517759457873,-0.0744032343927075,-0.0811468601966051,0.0342343662451862
"10","BK29",8410,8270,8517,8375,6990,7163,6401,5818,5619,5585,5466,8379,7969,7973,7936,7582,7706,7489,7328,7237,7465,7596,6493,6028,6001,6096,5921,6142,5890,6114,6298,6506,6422,23282,22267,22491,22407,20493,21011,19780,19260,19154,19556,19484,-0.0242676581918618,-0.0871041430289028,-0.0729880948162007,0.0202567664871855
"11","BK30",8077,8140,7584,7462,5874,6147,5512,5291,4967,4659,4817,6001,5717,4941,5052,4611,4567,4509,4693,4496,4579,4816,5288,4864,4006,4076,4042,4057,4096,4046,4154,4225,4063,19366,18721,16531,16590,14527,14771,14117,14030,13617,13463,13696,-0.0280814468339335,-0.0484444929449987,-0.117282003015587,0.0923440256316231
"12","BK31",18737,18561,18887,18154,14951,15492,14004,12440,12373,12258,12011,8839,8472,8871,9167,8832,9026,8921,8986,8952,9506,9647,6754,6310,6902,6776,6653,7141,6619,6796,6857,6974,7146,34330,33343,34660,34097,30436,31659,29544,28222,28182,28738,28804,-0.013565070224863,-0.0711886003484574,-0.104486597844212,-0.0295904494343944
"13","BK32",6554,6289,6134,6106,5179,5013,4161,3740,3486,3200,3038,6905,6661,6471,6549,6609,6890,6700,6492,6606,7048,7392,4775,4615,4332,4293,4703,4830,4941,5186,5122,5490,5840,18234,17565,16937,16948,16491,16733,15802,15418,15214,15738,16270,-0.0493346060410897,-0.107539207798604,-0.112897222838659,0.0304883425211051
"14","BK33",11756,11325,11068,11058,9379,9230,8294,7569,7323,7053,7094,4411,4501,4304,4432,4137,4703,4553,4595,4785,4895,5133,3807,3573,3414,3366,3511,3539,3531,3442,3667,3632,3811,19974,19399,18786,18856,17027,17472,16378,15606,15775,15580,16038,-0.037660944613476,-0.0780252963300105,-0.118597266294892,0.0406408056911558
"15","BK34",6042,5855,5951,5593,5026,4900,4272,3956,3697,3569,3414,8508,8163,7628,7600,7373,7632,7263,6960,7194,7520,7590,8375,7885,7229,7377,6799,6981,7187,7205,7457,7750,7905,22925,21903,20808,20570,19198,19513,18722,18121,18348,18839,18909,-0.0305838854276807,-0.0783243935617233,-0.00837612675828593,0.0275651743012234
"16","BK35",8490,8246,8180,7502,5820,6268,5096,4478,4043,3661,3199,8866,8523,8195,8517,8548,8857,7888,8366,8435,9023,9310,5654,5337,5171,5109,5661,5575,5598,5672,5630,5900,6036,23010,22106,21546,21128,20029,20700,18582,18516,18108,18584,18545,-0.0400602626048698,-0.078306170886867,-0.126783811559978,0.0112926669272429
"17","BK37",23745,22872,22169,21690,18202,18470,16831,15379,14704,14200,14511,7326,7158,7345,7498,7283,7705,7996,8542,8699,9246,9861,5895,6009,6031,5705,5786,6100,6235,6470,6620,6664,6734,36966,36039,35545,34893,31271,32275,31062,30391,30023,30110,31106,-0.0100186110473747,-0.10116575656094,-0.109230010262891,-0.0213503879402048
"18","BK38",11251,10338,8701,7983,6479,6177,5538,4798,4346,3933,3991,4128,3978,3820,3743,3709,3817,3741,3775,3906,3864,3918,3291,3081,2810,2711,2847,2923,3026,2911,3023,2954,3029,18670,17397,15331,14437,13035,12917,12305,11484,11275,10751,10938,-0.0548191976215809,-0.0953718843204198,-0.165813591601743,-0.0474283388951494
"19","BK40",6183,6000,6052,5883,4579,4463,3984,3612,3557,3304,3232,2457,2368,2406,2506,2200,2446,2401,2595,2522,2848,2929,2132,2057,2012,1921,1857,2014,1876,1967,1941,2012,1984,10772,10425,10470,10310,8636,8923,8261,8174,8020,8164,8145,-0.0150770135332319,-0.0619523124031496,-0.141470918845968,0.0441371723358758
"20","BK41",4960,4886,5111,4867,4012,3872,3517,3257,3064,3006,2686,4393,4273,4484,4383,4102,4363,4253,4410,4277,4349,4429,3364,3315,3245,3072,3224,3336,3174,3436,3223,3535,3615,12717,12474,12840,12322,11338,11571,10944,11103,10564,10890,10730,-0.070691564400892,-0.0591967571501363,-0.123265671376311,0.0560885077048865
"21","BK42",15621,15478,14977,14127,11761,11790,10362,9075,8393,8116,7431,16792,16053,15833,16212,16095,16782,16167,16472,16258,16699,17399,11088,10746,10067,9810,10020,10382,10430,10725,11140,10991,11839,43501,42277,40877,40149,37876,38954,36959,36272,35791,35806,36669,-0.0367933855559745,-0.0964326720983201,-0.0761860244704571,0.037602362505815
"22","BK43",8320,8459,8127,8033,6755,6587,5675,5448,5101,4923,4832,7353,7058,6942,6926,6965,7299,7002,6761,6739,7249,7320,5836,5506,5030,4967,5059,5144,5097,5302,5224,5427,5756,21509,21023,20099,19926,18779,19030,17774,17511,17064,17599,17908,-0.0333776509368335,-0.0860000600311455,-0.074437701664334,0.0676661806027937
"23","BK44",6479,6280,6425,6232,5300,5509,5021,4425,4439,4415,4271,4727,4743,4742,4931,4517,4872,4822,4686,4718,4832,4924,3735,3648,3661,3517,3591,3508,3571,3820,3946,4087,4341,14941,14671,14828,14680,13408,13889,13414,12931,13103,13334,13536,-0.0489581566130581,-0.13082934033874,-0.0646343375491029,0.0249470941479336
"24","BK45",10868,10979,10927,10465,8286,8637,7456,6696,6542,6427,6248,5979,6059,5959,6096,6003,6345,5664,5691,5835,6051,6243,4627,4445,4225,4184,4308,4542,4016,4163,4244,4467,4588,21474,21483,21111,20745,18597,19524,17136,16550,16621,16945,17079,-0.0476876901831634,-0.0789200294275852,-0.134618425400404,0.0511930178068617
"25","BK46",2806,2759,2744,2753,2347,2368,2144,1910,1920,1828,1775,2099,2184,2065,2083,1947,2040,1982,1968,2113,2127,2197,1726,1677,1677,1724,1634,1682,1661,1708,1830,1875,1947,6631,6620,6486,6560,5928,6090,5787,5586,5863,5830,5919,-0.0500505529516172,-0.0891657627101382,-0.0551846606801172,-0.0148915658276894
"26","BK50",15976,16259,17044,15531,13023,13586,11819,10975,9832,9729,8818,14407,13867,14638,14237,14065,14736,13780,14173,14391,15144,15317,8355,8268,8232,8168,8361,8100,7954,8336,8357,8613,8904,38738,38394,39914,37936,35449,36422,33553,33484,32580,33486,33039,-0.0403901855061241,-0.0920314126616708,-0.0802226644422228,0.0230328543529433
"27","BK58",12949,13583,13814,13070,10824,11396,9771,8706,8658,8208,7775,10473,10160,11028,10784,10651,11357,10358,10205,10525,11129,11723,6625,6598,6676,6606,6805,7280,6495,6352,6510,6517,6983,30047,30341,31518,30460,28280,30033,26624,25263,25693,25854,26481,-0.0214756521966665,-0.0367814087059393,-0.112773608572479,0.0217706729230383
"28","BK60",10347,10043,9585,8598,7569,7601,6866,6023,5382,5120,4703,11214,10965,10761,10818,11124,11887,11655,12137,12180,12990,13118,6808,6536,5946,6118,6545,6631,6925,6965,7045,7442,7885,28369,27544,26292,25534,25238,26119,25446,25125,24607,25552,25706,-0.0578789451802234,-0.0668008645595572,-0.092681641673761,0.0252495813290077
"29","BK61",14818,14699,14267,12856,10825,10839,8735,7483,6775,6497,5566,15417,14717,14759,14987,15389,16075,15147,15019,15313,16217,16713,9883,9483,9140,8981,9884,10074,9745,9650,10013,10403,10869,40118,38899,38166,36824,36098,36988,33627,32152,32101,33117,33148,-0.0466941736416918,-0.0828752686405384,-0.11509635897473,0.0142396480876645
"30","BK63",5809,5803,5518,4957,4220,4398,3572,3086,3027,2845,2533,6417,6190,6263,6331,6427,6790,6412,6392,6826,7433,7732,4216,3970,3916,3850,3972,4136,4196,4195,4218,4482,4749,16442,15963,15697,15138,14619,15324,14180,13673,14071,14760,15014,-0.0219293062704191,-0.0687065493362844,-0.0698885221393784,0.00301235136379751
"31","BK64",7102,6809,6436,5996,4835,4822,4195,3916,3672,3443,3129,3039,3019,2769,2743,2853,2958,2816,2952,3146,3274,3564,2423,2518,2033,1916,1883,2038,2084,2035,2144,2210,2321,12564,12346,11238,10655,9571,9818,9095,8903,8962,8927,9014,-0.0737634072656674,-0.0682954545066352,-0.108050174195278,0.0996621313558386
"32","BK68",6957,6738,6447,5487,4852,4694,4210,3879,3537,3417,3294,3345,3243,3067,2781,2932,3022,3072,3243,3409,3530,3668,2386,2386,2241,1995,2261,2251,2347,2505,2679,2599,2728,12688,12367,11755,10263,10045,9967,9629,9627,9625,9546,9690,-0.0276531502913295,-0.128610351948873,-0.146704437181958,-0.0100165283213567
"33","BK69",8877,8439,7887,7519,6248,6372,5433,4958,4320,4087,3707,4147,3942,3880,3940,3805,4225,4201,4307,4257,4363,4765,3283,2863,2825,2761,2902,3145,2954,3111,3003,3004,2983,16307,15244,14592,14220,12955,13742,12588,12376,11580,11454,11455,-0.0234195992580685,-0.0923954921064902,-0.144046803441072,0.00473585790090904
"34","BK72",2272,2090,1968,1966,1510,1504,1225,1181,1042,907,1016,2563,2528,2398,2480,2259,2322,2217,2206,2278,2183,2204,4236,4268,4036,3746,3799,3861,4056,4067,4202,4162,4113,9071,8886,8402,8192,7568,7687,7498,7454,7522,7252,7333,-0.0268145851085806,-0.0557463154572063,-0.0660500932892476,0.00983246379128911
"35","BK73",12019,10454,8674,7868,6562,6127,5084,4406,4042,3457,2980,6529,6175,5955,5985,5784,6203,6175,6103,6152,6142,6247,5189,4952,4578,4411,4521,4802,4853,4945,5145,5272,5398,23737,21581,19207,18264,16867,17132,16112,15454,15339,14871,14625,-0.0941884179850634,-0.113661038739421,-0.125164181098076,-0.0671883731989323
"36","BK75",8974,8382,7945,7497,5760,5648,4557,3770,3453,3206,2750,9475,8597,8586,8900,8472,8596,8006,7687,7901,8446,8663,7873,7410,6464,6221,6642,6587,6214,6055,6098,6199,6162,26322,24389,22995,22618,20874,20831,18777,17512,17452,17851,17575,-0.00383587307586127,-0.0701806112641482,-0.123275902655531,0.0836888472332574
"37","BK76",9640,8857,8670,8050,6815,6540,5140,4505,4168,3833,3722,5118,5161,5345,5484,5533,5795,5711,6100,6085,6314,6464,3594,3277,3873,3793,3434,3706,3567,3807,3838,4027,4053,18352,17295,17888,17327,15782,16041,14418,14412,14091,14174,14239,-0.0568242034970785,-0.1097519527424,-0.0297491559452122,-0.114566722390086
"38","BK77",6267,5589,5051,4789,4070,3896,3061,2891,2471,2271,2076,8576,8102,7744,7515,8024,8281,7828,7736,7561,7981,8088,5296,5158,4510,4600,4926,5003,4957,5119,5300,5753,5863,20139,18849,17305,16904,17020,17180,15846,15746,15332,16005,16027,-0.0755138098274722,-0.100439481329694,-0.0827270357236987,0.0068703230141908
"39","BK78",8569,8204,7920,7043,5692,5512,4364,3573,3253,3083,2796,11281,10760,10354,10353,10465,10708,9537,9399,9547,9361,9675,7136,6608,6259,5966,6543,6649,6397,6265,6541,6560,6861,26986,25572,24533,23362,22700,22869,20298,19237,19341,19004,19332,-0.0518092620804616,-0.0895591865450721,-0.118306689493029,0.0245086409942204
"40","BK79",3607,3687,3597,3423,2507,2676,2219,1829,1631,1472,1300,4725,4291,4459,4399,4504,4621,4219,4030,4144,4332,4477,2855,2659,2713,2675,2931,2806,2787,2689,2718,2838,2987,11187,10637,10769,10497,9942,10103,9225,8548,8493,8642,8764,-0.0518777409595085,-0.087996281111559,-0.114756007477256,-0.00278080076938647
"41","BK81",5641,5905,5935,5559,4275,4476,3702,3440,3056,2888,2604,8736,8212,8505,8631,8924,9014,8410,8262,8200,8577,9010,5557,5174,5078,4973,5530,5510,5607,5733,5897,6056,6135,19934,19291,19518,19163,18729,19000,17719,17435,17153,17521,17749,-0.027207098624523,-0.0995854669741244,-0.111990113578587,0.0528479667652905
"42","BK82",10733,10674,10738,9148,7749,7512,6504,5861,5228,5097,4460,14479,13668,13795,13311,13947,13272,12781,13084,12954,13541,13680,8850,8404,7868,7441,8229,7831,8432,8297,8435,8862,9240,34062,32746,32401,29900,29925,28615,27717,27242,26617,27500,27380,-0.0581600402655457,-0.0707000343783378,-0.104307407437835,0.051016460037114
"43","BK83",5144,5004,4863,4621,3916,3933,3294,3005,2881,2745,2366,8159,7544,7506,7514,7961,7822,7165,6851,7370,7598,7781,4758,4277,4400,4181,4614,4658,4774,4768,5074,5233,5605,18061,16825,16769,16316,16491,16413,15233,14624,15325,15576,15752,-0.0500854096979319,-0.0930487713584937,-0.0795884994633664,-0.00144907698528498
"44","BK85",3226,3262,3155,3014,2239,2302,1956,1735,1552,1432,1171,4779,4629,4395,4468,4276,4417,3973,4250,4204,4484,4443,3128,2916,2582,2649,2680,2851,2882,2967,2776,2921,3078,11133,10807,10132,10131,9195,9570,8811,8952,8532,8837,8692,-0.0402098302130656,-0.0504566682338014,-0.124157761166568,0.0671042677872099
"45","BK88",9109,8670,7946,7981,6951,6891,6414,5970,5715,5253,5177,10353,9974,9173,8874,8757,8962,8839,8505,8554,8754,8812,11563,11128,10044,9236,9350,9438,9843,10005,10539,10462,10496,31025,29772,27163,26091,25058,25291,25096,24480,24808,24469,24485,-0.0263964290953507,-0.0819480816610277,-0.0297914592495405,0.0309003580175015
"46","BK90",8628,7763,7041,6228,5327,4876,4065,3567,3238,2851,2643,5646,5607,5238,4973,4984,5042,5072,4961,4994,5064,5203,4233,3976,3562,3377,3388,3396,3530,3575,3637,3742,3866,18507,17346,15841,14578,13699,13314,12667,12103,11869,11657,11712,-0.0758955242735873,-0.113915427296235,-0.0916798806310231,0.00372051306666394
"47","BK91",8131,8477,8245,7615,6455,6936,6020,5322,5237,5081,4698,9366,9138,8935,8811,9056,9392,9392,9039,9608,10352,10832,5385,5195,4747,4636,5085,4924,5312,5267,5507,5780,6070,22882,22810,21927,21062,20596,21252,20724,19628,20352,21213,21600,-0.0263755042078001,-0.0951115506561706,-0.0874253693669696,0.0608674539772809
"48","BK93",2407,2383,2274,1408,1564,1090,1455,1263,1159,1028,932,2227,2075,1797,1354,1958,1403,2024,2038,2142,2184,2150,1450,1371,1115,761,1142,877,1309,1226,1242,1297,1400,6084,5829,5186,3523,4664,3370,4788,4527,4543,4509,4482,-0.0928796298226745,-0.0152441071654912,-0.142843639916146,0.0993029689126765
"49","BK95",3772,3759,3744,3426,2894,3031,2701,2356,2247,2202,1922,5427,5358,5129,5290,5409,5573,5312,5341,5335,5728,5881,3198,3136,2813,2896,2867,3071,3152,3186,3330,3516,3614,12397,12253,11686,11612,11170,11675,11165,10883,10912,11446,11417,-0.0413327554636198,-0.0886619586006263,-0.057259051750048,0.0486238553623563
"50","BK96",7564,7966,8012,7500,6278,6946,5850,5590,5061,4809,4393,9156,8838,9056,9328,9511,9963,9695,10095,10170,10430,10964,5049,4865,4727,4736,5042,5191,5223,5532,5547,5700,6064,21769,21669,21795,21564,20831,22100,20768,21217,20778,20939,21421,-0.0500430764028959,-0.079165940356096,-0.0843750606486837,0.0457539433391046
"51","BK99",600,573,537,571,266,273,297,247,272,197,167,498,484,523,479,268,257,319,266,244,277,270,428,395,450,415,214,206,263,255,286,220,256,1526,1452,1510,1465,748,736,879,768,802,694,693,0.00407723598993737,-0.157242350194285,0.0273389355742298,-0.0495133871900683
"52","BX01",2262,2304,2255,2103,1700,1581,1446,1200,1048,980,865,4582,4340,4281,3878,4250,4242,4226,4051,3869,3958,3964,3070,2800,2742,2544,2823,2744,2821,2951,2826,2882,3076,9914,9444,9278,8525,8773,8567,8493,8202,7743,7820,7905,-0.0437575940541667,-0.099656366628306,-0.0751701497723206,0.0212772290955878
"53","BX03",4314,4715,4728,4615,4148,3828,3835,3545,3386,3249,2888,4981,4989,5102,5282,5463,4966,5356,5547,5652,5939,6262,2898,2869,3056,3479,3069,2831,3111,3355,3237,3133,3352,12193,12573,12886,13376,12680,11625,12302,12447,12275,12321,12502,0.0206524524961207,-0.0686545412604114,0.0250886116306477,-0.0642145508740697
"54","BX05",5233,5292,4863,4957,4281,4431,3817,3517,3295,2967,2888,7742,7702,7192,7112,7575,7573,7741,7698,7831,8036,8359,5147,5174,4163,4773,4583,4604,5199,5229,4945,5133,5432,18122,18168,16218,16842,16439,16608,16757,16444,16071,16136,16679,-0.0281239449789055,-0.0610123105675911,-0.027703695831013,0.0521907971520574
"55","BX06",1829,1848,1946,1962,1490,1458,1317,1089,986,853,838,3263,3052,3258,3229,3149,3220,3088,3010,2954,2995,2946,2386,2058,2198,2362,2197,2081,2186,2144,2188,2247,2216,7478,6958,7402,7553,6836,6759,6591,6243,6128,6095,6000,-0.0510078348688421,-0.0872376115727917,-0.031015439961774,0.00959862769975645
"56","BX07",5230,5246,4999,4950,3908,3825,3749,3338,3220,3146,2947,4749,4696,4653,4728,4537,4874,4765,5051,4953,5270,5478,3087,2962,2710,3078,2594,2654,2839,2844,2890,2911,2895,13066,12904,12362,12756,11039,11353,11353,11233,11063,11327,11320,0.00314654451595497,-0.0593279662746542,-0.0167985158830806,0.0108068317624477
"57","BX08",3660,3956,3883,3490,3209,3171,2893,2682,2424,2225,2016,4852,4611,4780,4488,4978,4913,4845,5175,5056,5218,5384,2960,2924,2810,2819,2925,3046,3116,3110,2937,3206,3385,11472,11491,11473,10797,11112,11130,10854,10967,10417,10649,10785,-0.0803915830762204,-0.00879392358114693,-0.0584621208765583,0.0137549938891167
"58","BX09",6623,7142,7141,5683,5546,5392,5374,4717,4168,4060,3550,6833,6812,7259,6294,7418,7309,7705,8010,7625,8062,8317,4140,4161,4095,4224,4482,4430,4576,4695,4637,4717,5073,17596,18115,18495,16201,17446,17131,17655,17422,16430,16839,16940,-0.0488379929844229,-0.0608454820532838,-0.0697410709702617,-0.0305248378559446
"59","BX10",6283,6395,5984,5748,5048,4934,4828,4186,4032,3987,3778,3157,3212,3159,3008,3300,3146,3429,3645,3547,3876,3795,2208,2091,1911,2216,2009,2080,2045,2109,2083,2181,2250,11648,11698,11054,10972,10357,10160,10302,9940,9662,10044,9823,-0.04114832584362,-0.0573402074297469,-0.0598533954302922,-0.0172204070492025
"60","BX13",7947,8193,8592,4904,6407,6347,6319,5756,5473,5291,4849,5366,5030,5304,3083,5385,5489,5724,5935,6129,6333,6527,3159,3099,3012,1896,3140,2922,3254,3291,3011,3285,3210,16472,16322,16908,9883,14932,14758,15297,14982,14613,14909,14586,-0.0329937086255937,-0.0349929181457817,-0.102757379202806,0.0416589190610185
"61","BX14",5299,5559,5111,4564,3962,4157,3504,3020,2709,2575,2323,9031,8644,8275,8357,9041,9267,9034,8732,8352,8712,9178,5884,5576,5417,5437,5791,5910,6056,6107,5801,6008,6304,20214,19779,18803,18358,18794,19334,18594,17859,16862,17295,17805,-0.0222561097308521,-0.0800961107150886,-0.0482487177633367,-0.0189340348491334
"62","BX17",3330,3410,3491,3173,2683,2403,2214,1873,1619,1638,1423,6203,5615,5998,6195,6342,6228,6159,5873,5655,5844,5774,3883,3762,3739,4076,3987,3867,4094,4024,4063,4023,4205,13416,12787,13228,13444,13012,12498,12467,11770,11337,11505,11402,-0.0256436685800176,-0.0888451845443766,-0.0483155756167331,-0.00424367656153028
"63","BX22",6002,6243,6052,5929,5187,5009,4912,4543,3929,3880,3955,2479,2346,2436,2602,2725,2941,2926,3055,2904,3102,3269,2014,1941,1931,1996,2118,2035,2274,2269,2084,2100,2153,10495,10530,10419,10527,10030,9985,10112,9867,8917,9082,9377,0.00580403761489532,-0.0747807203521455,-0.0964473470117477,0.00334590219181393
"64","BX26",3227,3405,2913,2713,2389,2384,2014,1595,1421,1395,1189,6059,5829,5434,5373,5688,5755,5498,5124,4964,5176,5120,4025,3839,3238,3408,3573,3794,3578,3546,3453,3530,3660,13311,13073,11585,11494,11650,11933,11090,10265,9838,10101,9969,-0.0281626120610981,-0.0802955407588369,-0.0781681040046153,0.0350456792040772
"65","BX27",2209,2288,2214,2195,1587,1601,1465,1224,1169,1109,888,4446,4536,3977,4184,4113,4075,3826,3841,3698,3904,4070,2832,2796,2497,2585,2485,2652,2505,2733,2548,2615,2879,9487,9620,8688,8964,8185,8328,7796,7798,7415,7628,7837,-0.0228469960273616,-0.0786533953791462,-0.0745410556992649,0.0231064985486259
"66","BX28",7475,7474,7362,7137,6572,6409,6144,5643,4849,4869,4442,6795,6591,6408,6611,6598,6598,7006,6927,6513,6686,7047,4514,4414,3813,4361,4166,4121,4489,4611,4028,4217,4642,18784,18479,17583,18109,17336,17128,17639,17181,15390,15772,16131,-0.0448332330947198,-0.0663081834220357,-0.0475721375298075,0.0461949420016422
"67","BX29",6204,6281,6069,5790,5252,5077,5018,4690,3753,3765,3559,3094,2937,2977,3133,3298,3442,3613,3813,3315,3568,3696,2435,2323,2229,2317,2370,2361,2551,2647,2356,2581,2612,11733,11541,11275,11240,10920,10880,11182,11150,9424,9914,9867,-0.0737212780790016,-0.0844085879176873,-0.0696185867868074,0.0125020883031546
"68","BX30",2812,2818,2887,2572,2411,2467,2283,1990,1805,1688,1549,4337,4043,4275,4260,4581,4480,4539,4454,4351,4541,4784,2718,2638,2613,2722,2938,3052,3112,3340,3093,3000,3249,9867,9499,9775,9554,9930,9999,9934,9784,9249,9229,9582,0.0174373173705586,-0.0850788662148775,-0.0817018223501998,0.00201818450891372
"69","BX31",4824,5162,5176,4913,4131,3865,3855,3468,3427,3276,3097,3741,3831,3900,4060,3785,3578,3966,4210,4005,4481,4423,2364,2357,2368,2809,2256,2095,2383,2503,2442,2489,2506,10929,11350,11444,11782,10172,9538,10204,10181,9874,10246,10026,0.00070192356405272,-0.0800815863363374,0.00972075711519539,-0.0493195487229954
"70","BX33",1943,1983,1812,1740,1477,1237,1134,1046,825,821,809,3720,3516,3437,3450,3588,3521,3446,3311,3037,3184,3223,2382,2227,2081,2027,2106,2210,2162,2375,2336,2285,2424,8045,7726,7330,7217,7171,6968,6742,6732,6198,6290,6456,-0.0138117970935515,-0.124758061931501,-0.0748881274738053,0.0348811590573629
"71","BX34",3063,2946,2813,2507,2139,1828,1745,1450,1389,1234,1119,5442,5157,5293,4616,5375,5363,4907,4853,4421,4548,4601,3484,3159,3077,2822,3515,3376,3171,3343,3303,3289,3652,11989,11262,11183,9945,11029,10567,9823,9646,9113,9071,9372,-0.0586303869249134,-0.0936948212829069,-0.124993907676141,0.0232991380597374
"72","BX35",3401,3329,2908,2694,2211,2032,1942,1371,1251,1190,1023,6246,5766,5205,4887,5250,5167,4866,4584,4448,4668,4387,4035,3706,3186,3101,3302,3069,3272,3244,3118,3064,3255,13682,12801,11299,10682,10763,10268,10080,9199,8817,8922,8665,-0.0171693315740933,-0.117528410251378,-0.0558340538547186,0.0219599416381954
"73","BX36",4434,4415,4301,3683,3384,3285,3010,2573,2133,1976,1675,8119,7819,7609,7108,8310,8536,8164,8148,7413,7492,7536,5279,5162,5115,4908,5395,5495,5883,6023,5607,5665,5888,17832,17396,17025,15699,17089,17316,17057,16744,15153,15133,15099,-0.045882235618493,-0.0921405573407051,-0.0323350095952355,-0.0323400609165514
"74","BX37",4178,4380,4427,4218,3645,3485,3308,3014,2890,2860,2646,3626,3482,3621,3617,3751,3445,3754,3862,3993,4184,4285,2341,2240,2317,2633,2351,2116,2450,2462,2324,2434,2492,10145,10102,10365,10468,9747,9046,9512,9338,9207,9478,9423,-0.00976965424218036,-0.0466357109842818,-0.000383200221196913,-0.047760431399489
"75","BX39",3810,3637,3854,3629,3033,2627,2374,2172,1902,1736,1593,6996,6742,6952,6759,7220,7408,7276,6973,6562,6692,6737,4608,4374,4451,4400,4735,4757,4697,4732,4697,5129,5272,15414,14753,15257,14788,14988,14792,14347,13877,13161,13557,13602,-0.0893955868454471,-0.0696424582826226,-0.0757550287856597,0.0106965774377562
"76","BX40",1837,1961,1742,1556,1523,1473,1207,1024,846,761,657,4296,4160,3673,3502,3924,4012,3744,3898,3715,3732,3796,2842,2685,2319,2237,2573,2725,2861,2862,2884,2891,2993,8975,8806,7734,7295,8020,8210,7812,7784,7445,7384,7446,-0.0490389659179624,-0.0759617073686926,-0.0713326074685205,0.0253677448859674
"77","BX41",4278,4128,4186,3866,3304,3335,2923,2561,2131,2070,1864,8202,8000,7764,7819,8337,8550,7947,7900,7552,7539,7895,5391,5225,4787,5281,5416,5565,5535,5758,5474,5577,5916,17871,17353,16737,16966,17057,17450,16405,16219,15157,15186,15675,-0.0387505455840735,-0.0841156414926907,-0.0612715962581294,0.00889876615530408
"78","BX43",3571,4301,4367,3678,3853,3590,3606,3171,2962,3010,2792,5232,5086,5469,5469,5630,5585,6101,5973,6251,6159,6554,3385,3168,3376,4403,3423,3475,3988,3889,3734,3883,3953,12188,12555,13212,13550,12906,12650,13695,13033,12947,13052,13299,-0.0132901884710468,-0.0345529370702337,0.0768988037958556,-0.0888652561339959
"79","BX44",7820,8232,7898,7477,6411,6176,6111,5596,5201,5014,4487,9346,9087,9039,9009,9078,8751,9164,9282,9305,9651,9924,5483,5472,4952,5944,4868,4708,5193,5226,5231,5285,5578,22649,22791,21889,22430,20357,19635,20468,20104,19737,19950,19989,-0.03500672976795,-0.0593559325007779,0.0267533496753233,-0.019388646547512
"80","BX46",5491,5610,5042,3193,4235,4330,3864,3530,2931,2729,2462,4753,4662,4311,3029,4670,4990,5036,5276,4621,4846,5007,3137,3067,2529,1924,2647,2799,2935,2840,2620,2714,2835,13381,13339,11882,8146,11552,12119,11835,11646,10172,10289,10304,-0.0712847007851336,-0.0434626379437266,-0.0336063205966293,0.0442878447013451
"81","BX49",5008,5196,5155,5082,4356,3990,4189,3558,3443,3367,3143,3554,3464,3516,3630,3970,3812,4148,4557,4605,4968,4642,2228,2124,2229,2559,2301,2301,2376,2392,2543,2501,2593,10790,10784,10900,11271,10627,10103,10713,10507,10591,10836,10378,-0.0258866553648737,-0.0394406103324775,-0.0272045121371123,-0.065908645412239
"82","BX52",9203,9661,9821,8816,7911,7610,7193,6578,6419,6267,5811,5390,5541,5447,5146,5392,5407,5407,5896,5862,6130,6364,3783,3766,3574,3679,3543,3200,3624,3492,3389,3621,3858,18376,18968,18842,17641,16846,16217,16224,15966,15670,16018,16033,-0.0678881227364128,-0.0328924043931142,-0.0251984036950097,0.0168138585150653
"83","BX55",3555,3662,3756,3448,3330,3205,2983,2590,2380,2293,2085,4639,4518,4705,4646,5036,5153,4968,5317,4947,5302,5494,2865,2851,2843,2880,2981,3101,2986,3261,3016,3199,3360,11059,11031,11304,10974,11347,11459,10937,11168,10343,10794,10939,-0.0331177723904296,-0.0685891031828408,-0.0367250857368721,0.00727709392113214
"84","BX59",3940,3928,3806,3523,3282,3223,2923,2632,2355,2335,2029,3675,3722,3599,3686,3852,3838,3974,4078,4197,4347,4517,2367,2317,2228,2316,2330,2233,2440,2405,2278,2367,2566,9982,9967,9633,9525,9464,9294,9337,9115,8830,9049,9112,-0.03925233402037,-0.0388771109088012,-0.0249559947376485,-0.0100628963010606
"85","BX62",6466,6975,7035,6570,5788,5501,5215,5094,4722,4590,4094,6434,6360,6824,6766,6710,6181,6729,7003,7273,7463,7900,3565,3618,3732,4418,3846,3373,4055,3818,3937,3987,4242,16465,16953,17591,17754,16344,15055,15999,15915,15932,16040,16236,-0.0449064355629172,-0.0177069481139673,0.00292486283514385,-0.0678285681975145
"86","BX63",3310,3422,3337,3203,2556,2590,2329,1802,1619,1521,1345,6112,5902,5968,5993,6216,6328,6142,5995,6005,6217,6338,3993,3738,3541,3805,3840,3964,4135,4332,4138,4335,4366,13415,13062,12846,13001,12612,12882,12606,12129,11762,12073,12049,-0.0171364563913615,-0.103714112102016,-0.0715436262878564,0.0273681946042973
"87","BX75",1745,1798,1682,1600,1334,1216,1113,939,892,822,702,3075,2967,2960,2859,3034,2958,2878,2888,2692,2824,2976,2110,1894,1782,1892,1846,1881,1962,1876,1788,1881,2084,6930,6659,6424,6351,6214,6055,5953,5703,5372,5527,5762,-0.0580583263829388,-0.0326403349368252,-0.05326590695601,0.0245386040047361
"88","BX98",266,277,389,362,193,173,205,174,146,141,108,459,446,545,532,472,476,428,428,420,431,452,309,316,491,394,322,324,368,303,325,355,385,1034,1039,1425,1288,987,973,1001,905,891,927,945,-0.11543971588515,0.00254906136461894,-0.0102693258807782,-0.0757547264942589
"89","BX99",486,449,323,283,108,97,109,118,122,126,106,489,485,345,333,112,97,159,144,177,166,172,391,359,253,264,87,92,142,138,151,134,144,1366,1293,921,880,307,286,410,400,450,426,422,0.0371223021582734,-0.0111561866125761,-0.0490044326708624,-0.0174241272478493
"90","MN01",6611,6580,6537,6530,5575,5105,4663,4198,3754,3799,3287,6568,6286,6621,6567,6982,6722,7166,7378,7223,7305,7673,4519,4363,4579,4564,5008,4853,5426,5627,5586,5640,6131,17698,17229,17737,17661,17565,16680,17255,17203,16563,16744,17091,-0.0454580330589888,-0.0878614590867431,-0.103012880794556,-0.0154461159675482
"91","MN03",12078,11770,11157,10604,8726,7804,7177,5742,5162,4628,3999,10996,10560,10282,9818,10598,9682,10299,10807,10517,10524,10784,8032,7611,7089,6762,7487,6684,7403,7631,7600,7225,7488,31106,29941,28528,27184,26811,24170,24879,24180,23279,22377,22271,-0.0261084232167933,-0.105091728933545,-0.105582615703062,0.0306787900733908
"92","MN04",7136,6819,6222,6389,5297,5128,4486,3795,3306,3046,2788,7427,7432,6499,7333,6894,7225,7056,7232,6964,6966,7265,5403,5365,4641,5250,5081,5380,5530,5467,5326,5433,5614,19966,19616,17362,18972,17272,17733,17072,16494,15596,15445,15667,-0.0527687091695775,-0.0680112875705578,-0.0890723810568073,-0.000666784907643424
"93","MN06",2924,2821,2455,2410,2114,1970,1772,1553,1329,1192,1032,3496,3480,3022,3256,3521,3163,3376,3310,3316,3274,3240,2560,2510,2166,2270,2476,2350,2556,2527,2494,2558,2713,8980,8811,7643,7936,8111,7483,7704,7390,7139,7024,6985,-0.0815222994110171,-0.0652379909561903,-0.0799272411481266,0.000819225574738876
"94","MN09",11191,10846,10904,9865,9451,7557,8672,7396,7656,7207,6816,5457,5538,5983,5311,6276,5114,6178,6396,6434,6864,7169,5249,5319,5970,5240,6301,5676,6743,6790,6742,6973,6933,21897,21703,22857,20416,22028,18347,21593,20582,20832,21044,20918,-0.0140185045440737,-0.0483795712782889,-0.126720845169157,-0.0643407671721677
"95","MN11",9084,8780,8426,8295,6385,5874,5137,4189,3591,3281,2828,6082,5964,5985,6041,6029,5736,6015,6060,6121,6141,6363,4698,4615,4419,4371,4500,4237,4584,4542,4662,4458,4829,19864,19359,18830,18707,16914,15847,15736,14791,14374,13880,14020,-0.0519234888304128,-0.114986669025744,-0.121940130589217,0.0139568658158563
"96","MN12",38992,39049,39314,37488,36096,31712,36237,34771,33897,33663,33969,10019,9772,10588,9962,10876,9932,11823,12478,13010,13787,14177,10341,10029,10807,10306,10979,10219,12282,12679,12900,12692,13607,59352,58850,60709,57756,57951,51863,60342,59928,59807,60142,61753,-0.00983151391398678,-0.0612992470960061,-0.0767427807540656,-0.033044884915329
"97","MN13",27229,26617,24276,23115,20729,19185,19163,18343,17442,16649,15600,6462,6201,6171,6075,5732,5643,6065,6269,6682,6577,6612,6572,6114,6020,5845,5776,5678,6343,6072,6080,6194,6148,40263,38932,36467,35035,32237,30506,31571,30684,30204,29420,28360,-0.0656533187291863,-0.0297272718586251,-0.0910130373404114,-0.0346664704231079
"98","MN14",21567,21288,19184,15997,17288,13432,17687,16720,15905,15599,16588,4288,4088,3835,3294,3653,3090,3966,4211,4258,4370,4597,4762,4722,4123,3318,4065,3278,4543,4459,4515,4451,4770,30617,30098,27142,22609,25006,19800,26196,25390,24678,24420,25955,-0.0208192684865403,-0.0513273089531163,-0.0873754730397225,0.0443980588220184
"99","MN15",16174,15481,15013,13801,13487,11255,12499,11834,10881,10071,10310,4911,4782,4973,5133,4769,4723,5366,5539,5749,5809,5986,5103,4975,5117,5256,5353,4967,5819,6105,6094,5883,6109,26188,25238,25103,24190,23609,20945,23684,23478,22724,21763,22405,-0.0275224823417334,-0.0846655569820671,-0.0914974915852794,-0.0687367155401055
"100","MN17",12609,12620,12411,13174,10794,11242,10395,9921,9628,9332,9518,3240,3133,3093,3362,2618,2853,2942,3159,3098,3113,3181,3178,3211,3109,3144,2850,3077,3086,3087,3059,3015,3190,19027,18964,18613,19680,16262,17172,16423,16167,15785,15460,15889,-0.0282010747789694,-0.046275336073586,-0.0788667742282891,0.0298717040657945
"101","MN19",19274,19060,17719,18656,17418,17430,17868,16792,16284,16132,16374,3263,3109,3186,3217,3061,3252,3368,3953,3829,3921,4061,2929,2856,2795,2816,2817,2976,3105,3030,3013,2930,3065,25466,25025,23700,24689,23296,23658,24341,23775,23126,22983,23500,-0.00097707628577368,-0.0167310562695577,-0.0601410343030449,-0.0119116711250713
"102","MN20",18221,18189,17619,18433,16476,17352,16504,15531,14917,14982,14744,3714,3763,3686,3871,3394,4074,4290,4623,4839,5074,4960,3222,3249,2829,3024,2959,3217,3265,3361,3488,3557,3488,25157,25201,24134,25328,22829,24643,24059,23515,23244,23613,23192,-0.0268647514729461,-0.0913423677379925,-0.0904279791489065,0.0859156079579387
"103","MN21",10434,9901,9816,10017,9251,8702,9337,8581,8720,8564,8550,1852,1894,1917,1960,1784,1937,2242,2467,2550,2702,2884,1603,1650,1657,1757,1839,1775,2076,2072,2184,2070,2201,13889,13445,13390,13734,12874,12414,13655,13120,13454,13336,13635,0.0113748883081657,-0.077631510447837,-0.119283534750365,-0.0544791890497419
"104","MN22",13623,13247,12220,12886,10769,10360,9904,9292,8553,8227,8393,4637,4501,4148,4679,4369,4456,5183,5466,5392,5477,5711,4657,4519,4036,3866,4061,4071,4758,4852,4931,4915,5077,22917,22267,20404,21431,19199,18887,19845,19610,18876,18619,19181,-0.0383685631662841,-0.103248079102964,-0.115362703982355,0.0751559875113196
"105","MN23",25266,24419,23549,24848,21556,22306,21367,20516,19422,19731,19365,5049,4969,4978,5716,4929,5210,5425,6027,5843,6026,6423,5630,5530,5418,5681,5156,5861,5699,6036,6348,6015,6386,35945,34918,33945,36245,31641,33377,32491,32579,31613,31772,32174,-0.00519785695731125,-0.090289262261113,-0.0667911135225318,-0.00405340470619758
"106","MN24",14204,13770,13752,14736,12007,11507,10768,9826,9281,8697,8084,3363,3253,3470,3973,3251,3461,3624,3601,3650,3734,3634,3365,3232,3407,4031,3600,3839,4009,4117,4396,4343,4389,20932,20255,20629,22740,18858,18807,18401,17544,17327,16774,16107,-0.0807163804430001,-0.1360185137315,-0.131639262619268,-0.0660802522989914
"107","MN25",17701,16198,14222,13264,11250,10187,10773,8573,7970,7031,6155,2826,2655,2318,2270,1917,1960,2187,2000,2045,1851,1593,2550,2399,2052,1819,1642,1665,1813,1741,1740,1632,1363,23077,21252,18592,17353,14809,13812,14773,12314,11755,10514,9111,-0.0523263286387751,-0.15871062365744,-0.0679584098997464,0.0366802770195583
"108","MN27",8203,6859,6562,6040,5965,5304,5260,4552,4151,3673,3652,5407,5117,5387,4655,5222,4605,5316,5260,5137,4976,5189,5654,5199,5245,5518,5773,5198,6306,6731,6888,7132,7213,19264,17175,17194,16213,16960,15107,16882,16543,16176,15781,16054,-0.0762605321477408,-0.136021349361018,-0.058309953706165,-0.0755413514475732
"109","MN28",12099,11805,11586,9561,9774,7835,8556,7535,6893,6516,6073,8869,8606,8566,6980,8851,6653,9163,9301,9135,9437,9557,7272,6827,7114,5789,7547,5980,8162,8186,8267,8482,8729,28240,27238,27266,22330,26172,20468,25881,25022,24295,24435,24359,-0.0541794085995714,-0.0854193326789644,-0.102982124396349,-0.0231599248379617
"110","MN31",28509,28070,26201,23200,24024,21901,25047,23026,23042,22142,22645,5504,5327,4844,4509,4838,4731,5590,5849,6210,6503,6839,5042,4927,4210,3728,4238,4060,4511,4463,4734,4765,4720,39055,38324,35255,31437,33100,30692,35148,33338,33986,33410,34204,-0.0261869970524992,-0.0470603494641592,-0.0849809393471696,0.0824083405200835
"111","MN32",28011,27316,26505,23382,25097,20307,26532,24771,23743,23365,24131,5468,5374,5752,4980,5548,5075,6777,7306,7439,7232,7841,4497,4459,4675,3958,4736,4057,5259,5319,5550,5601,5610,37976,37149,36932,32320,35381,29439,38568,37396,36732,36198,37582,-0.0350571238513529,-0.065738275390335,-0.0810299150955953,-0.0436867362457991
"112","MN33",9253,8931,9125,7438,7203,5919,6709,5623,4700,4275,4318,7030,6936,7182,6721,7796,6693,8003,8037,8072,8025,8827,4817,4474,4667,4532,5125,4192,5348,5306,5280,5455,5848,21100,20341,20974,18691,20124,16804,20060,18966,18052,17755,18993,-0.0702655601854519,-0.0950450108043642,-0.080793997047371,-0.0332836292845911
"113","MN34",8063,7594,6721,5554,5513,4418,4435,3856,3270,2868,2672,8277,7835,7343,6451,7823,6193,7355,7569,7029,7199,7456,5674,5415,4720,4048,5244,4146,5410,5570,5019,5083,5494,22014,20844,18784,16053,18580,14757,17200,16995,15318,15150,15622,-0.0466093529284817,-0.0875008455044178,-0.10644618083371,0.0280179322660505
"114","MN35",10573,10271,10536,10279,8884,8022,7579,6707,6309,5865,5251,9595,9192,9618,10368,10375,10551,10613,10786,10824,11166,11662,6710,6379,6808,7165,7516,7539,8169,8299,8171,8842,9215,26878,25842,26962,27812,26775,26112,26361,25792,25304,25873,26128,-0.0717332525599419,-0.0712938915553656,-0.103844500642276,-0.0267691554935722
"115","MN36",11364,10948,10433,10855,8817,8500,7341,6351,5823,5444,4730,12995,12390,12280,13914,13508,14365,14332,13800,13851,14261,14550,9180,8764,8139,9142,9349,10049,10236,10911,10675,11012,11883,33539,32102,30852,33911,31674,32914,31909,31062,30349,30717,31163,-0.0499736293582972,-0.109733805647093,-0.111542222401313,0.0244768756144955
"116","MN40",17660,17611,17834,19361,16910,16914,17662,17084,16617,16376,16983,3406,3261,3319,3723,3192,3376,3753,3907,4103,4172,4241,3078,3095,3061,3404,3124,3316,3496,3531,3657,3695,3621,24144,23967,24214,26488,23226,23606,24911,24522,24377,24243,24845,-0.013698413253388,-0.0448477353037904,-0.0727426680952225,0.0062559346720813
"117","MN50",7113,6996,7049,5662,5976,4782,6118,5596,5675,5608,5401,1374,1369,1441,1180,1255,1040,1514,1479,1544,1647,1632,1164,1193,1223,1040,1146,986,1277,1243,1301,1256,1292,9651,9558,9713,7882,8377,6808,8909,8318,8520,8511,8325,-0.00168845119891223,-0.0470100976269335,-0.0839421963961918,-0.0459754662339634
"118","MN99",505,536,374,439,193,404,275,257,285,276,219,502,462,389,382,146,176,253,306,252,256,245,395,386,296,313,125,169,221,215,261,223,225,1402,1384,1059,1134,464,749,749,778,798,755,689,-0.0264911167512689,-0.138010344324646,0.145755976809328,0.00946498855997083
"119","QN01",4569,5135,4611,4501,3587,3888,3509,3319,2998,3051,2519,5569,5574,5400,5462,5679,5829,5606,5660,5999,6056,6151,3043,3163,3027,3205,3212,3443,3514,3453,3527,3585,3645,13181,13872,13038,13168,12478,13160,12629,12432,12524,12692,12315,-0.0326052136684493,-0.0354892875963531,-0.0838580046562825,-0.0353503062760795
"120","QN02",3531,3859,3564,3294,2838,2969,2795,2493,2375,2263,1998,3375,3457,3501,3395,3788,3879,3927,3982,4003,4317,4470,1891,2099,1871,1859,2155,2248,2280,2201,2414,2437,2533,8797,9415,8936,8548,8781,9096,9002,8676,8792,9017,9001,-0.042191435768262,-0.0530058150957823,-0.133808358343059,0.0269450834938399
"121","QN03",3384,3636,3510,3227,2758,3029,2512,2353,2146,2091,1949,2750,3029,2898,2898,3009,3120,2627,2755,2716,2951,3112,1533,1609,1653,1619,1630,1725,1693,1737,1767,1657,1728,7667,8274,8061,7744,7397,7874,6832,6845,6629,6699,6789,0.0362306616451971,-0.106262579123111,-0.0576901139115836,-0.0479235472369153
"122","QN05",4336,4937,4847,4549,4179,4283,3749,3580,3389,3339,3043,3554,3681,3809,3891,3844,3974,3830,3981,4146,4368,4498,2018,2124,2169,2127,2325,2353,2264,2393,2492,2448,2593,9908,10742,10825,10567,10348,10610,9843,9954,10027,10155,10134,-0.0160086221962442,-0.0766730584002136,-0.100290095780852,-0.00120316889183474
"123","QN06",4609,5030,5130,5028,4446,4742,4308,3945,3707,3430,3530,3053,3143,3445,3385,3410,3569,3482,3449,3521,3705,3737,1979,2118,2210,2224,2337,2307,2178,2350,2348,2397,2419,9641,10291,10785,10637,10193,10618,9968,9744,9576,9532,9686,-0.0296518076391325,-0.104048319115807,-0.0724519602031961,-0.00693103054670963
"124","QN07",2573,2837,2886,2786,2475,2454,2237,2086,1846,1786,1606,3166,3273,3326,3463,3406,3532,3494,3664,3577,3932,3850,1670,1740,1790,1895,1846,1972,2057,2150,2027,2083,2338,7409,7850,8002,8144,7727,7958,7788,7900,7450,7801,7794,-0.0401111219991646,-0.0596902813247204,-0.0623923480586428,-0.0208352692269695
"125","QN08",6985,7636,7421,6633,5719,6005,5508,5050,4714,4426,3877,7316,7374,7305,7275,8008,8222,7834,8149,8370,8699,8996,4097,4302,4051,4170,4473,4632,4583,4626,4899,5022,4986,18398,19312,18777,18078,18200,18859,17925,17825,17983,18147,17859,-0.0429987611787245,-0.0582156569271817,-0.0920917161224684,-0.00151207731291799
"126","QN10",6116,5920,6055,5651,4467,4246,4055,3608,3605,3493,3215,3029,2849,2903,2855,3050,2820,3072,3143,3028,3142,3318,2140,2068,2117,2150,2223,1978,2231,2137,2337,2314,2454,11285,10837,11075,10656,9740,9044,9358,8888,8970,8949,8987,-0.0575626061224228,-0.0870421268178611,-0.122032723790233,-0.0312573686703645
"127","QN12",4536,4414,4677,3804,3359,3073,2788,2311,2096,2100,1770,5099,4920,5126,4711,5197,4569,4732,4715,4546,4764,4732,3080,3040,3104,2864,3220,2872,3038,2948,3117,3044,3220,12715,12374,12907,11379,11776,10514,10558,9974,9759,9908,9722,-0.0368226973130888,-0.0874765496040428,-0.100868945784988,-0.00735205723923106
"128","QN15",5635,5767,5529,4735,4632,3921,4159,3787,3377,3353,2999,6530,6600,6365,6066,6595,6176,6692,6916,6604,6932,6897,4181,4481,3948,3662,4139,4120,4226,4319,4295,4592,4622,16346,16848,15842,14463,15366,14217,15077,15022,14276,14877,14518,-0.0620230861088773,-0.0309798445513565,-0.100533245578776,0.0391738782169917
"129","QN17",20427,22591,22303,21567,19755,19633,18705,17423,16599,16260,15877,7955,8952,8998,9114,9075,9482,9551,10055,10086,10638,10581,6000,6388,6328,6209,6676,6656,6766,6925,7096,7321,7292,34382,37931,37629,36890,35506,35771,35022,34403,33781,34219,33750,-0.0435373620679919,-0.0780010982051796,-0.10054236042641,0.0182588888459036
"130","QN18",6333,6881,6651,5699,5802,5180,5316,4765,4699,4434,4105,3342,3806,3511,3266,3536,3373,3707,3671,3915,4030,3929,2529,2749,2335,2110,2484,2267,2571,2592,2678,2808,2658,12204,13436,12497,11075,11822,10820,11594,11028,11292,11272,10692,-0.0512359230800504,-0.0858234611771004,-0.101319975399358,0.0916314321864213
"131","QN19",7087,7599,7464,7445,5849,5975,5077,4721,4466,4589,4274,4299,4439,4607,4706,4772,4805,4539,4653,4677,4944,5159,2572,2737,2694,2711,2733,2829,2749,2604,2736,2764,2900,13958,14775,14765,14862,13354,13609,12365,11978,11879,12297,12333,-0.0266554676415904,-0.0405678943132126,-0.115607098722245,0.0128000909712193
"132","QN20",11439,11645,11087,10716,9405,9144,7900,7080,6634,6576,6152,10257,10386,10082,10450,10723,10922,10513,10516,10802,11184,11659,6119,6476,5838,5890,6234,6307,6034,5985,6439,6646,7003,27815,28507,27007,27056,26362,26373,24447,23581,23875,24406,24814,-0.05591501841245,-0.0724328102189134,-0.0877988857185097,0.0308519283584406
"133","QN21",9405,9741,10131,9851,8012,8142,6908,5856,5619,5773,6043,4808,5075,5354,5311,5148,5367,4925,4822,4862,5134,5750,3178,3288,3413,3397,3299,3406,3143,3168,3157,3404,3677,17391,18104,18898,18559,16459,16915,14976,13846,13638,14311,15470,-0.0321116283989221,-0.107668420458372,-0.0950520504376712,0.00196926249048757
"134","QN22",8247,8384,8111,7076,7646,6713,6843,6431,6528,6260,6002,8135,8622,7859,7076,7998,7150,7918,8093,8153,8621,8765,7482,7523,6678,5985,6705,6005,6782,6572,6754,6940,7095,23864,24529,22648,20137,22349,19868,21543,21096,21435,21821,21862,-0.0247987383489603,-0.0144952263649864,-0.0169244646006459,0.0476311021119679
"135","QN23",3709,3848,3747,3519,3113,3123,2736,2583,2573,2497,2550,3000,3139,2846,2824,2921,2895,2812,2825,2812,2938,3040,2297,2396,2103,1974,2103,2133,2167,2078,2100,2161,2122,9006,9383,8696,8317,8137,8151,7715,7486,7485,7596,7712,-0.00255718921005859,-0.0288565612060845,-0.0785503303672629,0.0649583718327305
"136","QN25",5558,5668,5572,4796,4739,4196,4143,3453,3359,3377,3099,6895,6893,6642,6245,7063,6534,6615,7082,7024,7228,7248,4327,4474,4493,4029,4669,4342,4759,4724,4929,5028,5069,16780,17035,16707,15070,16471,15072,15517,15259,15312,15633,15416,-0.0290252815006595,-0.0577390919481171,-0.0612312113016163,-0.02950345563403
"137","QN26",2968,3169,2858,2819,2867,2749,2278,2158,2021,1882,1770,4840,5071,4995,4879,4996,5041,4886,5217,5473,5580,5493,2986,3217,3116,3227,3477,3672,3540,3826,4088,4222,4397,10794,11457,10969,10925,11340,11462,10704,11201,11582,11684,11660,-0.0591865237908976,-0.0633372409451408,-0.0759462327822389,-0.0377616764313232
"138","QN27",2524,2752,2602,2532,2217,2182,1792,1626,1584,1538,1471,2933,3144,3103,3231,3133,3032,2928,2857,2946,3073,3133,1938,1994,1840,1889,1835,1880,1710,1783,1856,1988,1892,7395,7890,7545,7652,7185,7094,6430,6266,6386,6599,6496,-0.0292740278216883,-0.0770749916751053,-0.0568657960136107,0.0483674930060853
"139","QN28",14139,14987,14909,13973,12935,12602,10940,9948,9528,9000,8668,12624,13720,12843,12918,13687,14317,13768,14064,14302,14739,15254,7992,8839,8492,8521,9031,9537,9216,9336,9771,10202,10072,34755,37546,36244,35412,35653,36456,33924,33348,33601,33941,33994,-0.0436815232503665,-0.066373689677163,-0.0779537917878695,-0.0195233055854546
"140","QN29",9498,9782,9431,9155,8779,8713,7166,6506,6192,5954,5807,10573,11595,10872,10776,11178,11516,10968,11825,11511,11610,11740,7950,8508,7556,7757,8196,8339,8654,8657,8917,8949,9003,28021,29885,27859,27688,28153,28568,26788,26988,26620,26513,26550,-0.0310084777134389,-0.0635936725825344,-0.0543305620078496,0.0309884924436192
"141","QN30",6156,6762,6379,6280,5219,5288,4348,4084,3887,3746,3628,4111,4284,4250,4286,4171,4360,3967,4062,4258,4501,4546,2730,2794,2674,2814,2701,2738,2703,2593,2637,2824,2773,12997,13840,13303,13380,12091,12386,11018,10739,10782,11071,10947,-0.0439913939239241,-0.0433581077967748,-0.074410167015946,0.000783778237499154
"142","QN31",12529,13542,13420,12138,10358,9796,8043,7300,6813,6451,6133,7446,8023,8340,8595,8317,8549,8397,8875,9057,9213,9342,5113,5427,5751,5766,5531,5673,5830,6083,6321,6697,6624,25088,26992,27511,26499,24206,24018,22270,22258,22191,22361,22099,-0.0686082369673241,-0.109481511057114,-0.082184643104623,-0.0509164506299177
"143","QN33",3828,4194,4295,4072,3388,3548,3136,2871,2758,2697,2603,3066,3030,3380,3354,3371,3529,3325,3228,3388,3517,3706,1857,1988,2023,1967,1993,1989,1980,2109,2159,2176,2209,8751,9212,9698,9393,8752,9066,8441,8208,8305,8390,8518,-0.00339956750153162,-0.122855918551043,-0.0648055582792411,0.0241728437332267
"144","QN34",9962,10840,10595,10187,8961,9185,8020,7295,7165,7048,6407,8786,9399,9525,9365,9527,9945,9268,9750,10206,10499,10878,5130,5605,5099,5150,5274,5578,5511,5521,6164,6171,6426,23878,25844,25219,24702,23762,24708,22799,22566,23535,23718,23711,-0.045677398660682,-0.0790916590279933,-0.0830166473200897,0.0516112967943702
"145","QN35",6100,6488,6763,6570,6005,6291,5679,4971,4956,4675,4510,4433,4537,4996,5068,4843,5174,5056,5155,5450,5605,5787,2952,3215,3299,3271,3453,3412,3357,3567,3679,3661,3732,13485,14240,15058,14909,14301,14877,14092,13693,14085,13941,14029,-0.013109163894442,-0.104235897535476,-0.0681691594184047,0.0145659712357589
"146","QN37",6127,6708,6481,6536,5692,6031,5314,4722,4576,4580,4147,3724,4102,4028,4150,4342,4415,4162,4432,4448,4715,4650,2735,2986,2850,2877,2995,3079,3120,3056,3236,3298,3377,12586,13796,13359,13563,13029,13525,12596,12210,12260,12593,12174,-0.0459373841545638,-0.0770522985198741,-0.0700169640917064,0.0193993881012973
"147","QN38",5535,5878,5811,5466,4894,4961,4797,4636,4413,3994,3773,3779,3972,3793,3399,3864,3696,3784,4130,4133,4025,4047,2880,2950,2789,2440,2813,2704,2804,3016,2884,2834,2910,12194,12800,12393,11305,11571,11361,11385,11782,11430,10853,10730,-0.0449264248105269,-0.0473147374021433,-0.0828383312197793,0.0571237804665393
"148","QN41",3389,3663,3478,3346,2986,3234,2895,2801,2649,2736,2532,2007,2082,1889,1993,1903,1950,1986,2235,2078,2073,2243,1703,1812,1339,1432,1396,1494,1541,1563,1535,1459,1493,7099,7557,6706,6771,6285,6678,6422,6599,6262,6268,6268,0.0229379846088329,-0.0382089651535834,-0.0777450907646579,0.166451203709978
"149","QN42",5336,5733,6018,5694,5421,5307,5018,4573,4529,4472,4412,2799,2835,2962,3010,3078,3118,3026,3231,3182,3394,3416,2004,2163,2212,2292,2379,2327,2443,2473,2570,2567,2541,10139,10731,11192,10996,10878,10752,10487,10277,10281,10433,10369,-0.00100731105675544,-0.084462352055201,-0.0669931737374495,-0.0163947757453099
"150","QN43",4802,5078,5157,5003,4269,4612,4024,3846,3616,3538,3366,2977,3088,3146,3264,3292,3355,3443,3506,3567,3805,3967,2052,2122,2218,2314,2159,2323,2346,2434,2488,2489,2616,9831,10288,10521,10581,9720,10290,9813,9786,9671,9832,9949,-0.0197920354470094,-0.0818846027072724,-0.0411702095400208,-0.0339941162966493
"151","QN44",4535,4904,4892,4950,4181,4485,4064,3746,3576,3317,3250,2430,2673,2646,2844,2917,3051,2977,3210,3039,3196,3431,1825,1832,2024,1941,1982,2173,2115,2104,2287,2091,2272,8790,9409,9562,9735,9080,9709,9156,9060,8902,8604,8953,-0.0162746994616668,-0.0702006845677341,-0.0708495680947021,-0.0220333600636427
"152","QN45",4487,4803,5254,5265,4641,4786,4552,4291,4187,4079,3755,2180,2372,2524,2578,2725,2651,2532,2833,2724,2887,2878,1632,1733,1955,1943,1963,2009,2212,2198,2234,2275,2176,8299,8908,9733,9786,9329,9446,9296,9322,9145,9241,8809,-0.0267531326745479,-0.0615826772009969,-0.0560369897030635,-0.0207453575204741
"153","QN46",8555,9273,9455,9429,8408,8479,7770,7376,7102,7142,6938,4795,5126,4923,5245,5113,5436,5098,5399,5242,5663,5658,3931,3995,3920,3916,4041,3869,3989,4094,4054,4202,4307,17281,18394,18298,18590,17562,17784,16857,16869,16398,17007,16903,-0.0239172262592193,-0.0738438353523808,-0.050766388625452,0.0458773747600155
"154","QN47",4608,4762,4648,4176,4109,3863,3807,3725,3808,3793,3687,2136,2099,2197,1954,2220,2168,2276,2320,2420,2456,2607,1696,1706,1659,1454,1767,1672,1802,1839,1865,1924,1979,8440,8567,8504,7584,8096,7703,7885,7884,8093,8173,8273,-0.0231284142746128,-0.0386895260850264,-0.111055829315618,0.0337833530536765
"155","QN48",3866,4231,4136,3925,3718,3776,3456,3393,3288,3240,3199,2295,2347,2280,2292,2413,2470,2325,2384,2469,2568,2704,1886,1950,1670,1791,1711,1825,1855,1880,1820,1992,1853,8047,8528,8086,8008,7842,8071,7636,7657,7577,7800,7756,-0.0173714842560947,-0.0353565891606256,-0.0322182931780316,0.0761863000039658
"156","QN49",6332,6468,6463,6556,5742,5696,5131,5118,4855,4869,4694,3457,3431,3503,3493,3603,3733,3554,3822,3838,3967,4142,2681,2803,2698,2774,2697,2788,2729,2977,3042,3066,3181,12470,12702,12664,12823,12042,12217,11414,11917,11735,11902,12017,-0.0256208418904595,-0.0825880121521999,-0.0504373312878795,0.0147343295669653
"157","QN50",3562,3804,3540,3339,3033,2960,2511,2391,2436,2231,2123,3214,3394,3219,3248,3089,3224,2983,3187,3061,3165,3298,2509,2626,2473,2500,2412,2507,2484,2495,2417,2508,2656,9285,9824,9232,9087,8534,8691,7978,8073,7914,7904,8077,-0.0491563706123154,-0.0254892368814294,-0.0493971662400398,-0.0101126121876596
"158","QN51",7287,7681,8095,7760,7140,7069,6373,6112,5796,5899,5669,5532,5867,6038,5811,6122,5954,5968,6086,6401,6471,6677,4449,4599,4693,4554,4781,4677,4728,4955,4824,5119,5122,17268,18147,18826,18125,18043,17700,17069,17153,17021,17489,17468,-0.0232342575875518,-0.0547036764354526,-0.0542717699805781,0.0209175845897478
"159","QN52",3752,3890,4087,3992,3528,3710,3172,3177,3023,2983,2980,3302,3346,3451,3472,3105,3225,3116,3148,3120,3153,3306,2632,2758,2795,2975,2680,2672,2517,2534,2728,2770,2871,9686,9994,10333,10439,9313,9607,8805,8859,8871,8906,9157,-0.0496668247430658,-0.0504002396929671,-0.0180202624148812,-0.0140243902439025
"160","QN53",8416,8812,8996,8591,7507,7647,6390,5687,5519,5269,4981,7947,8304,8595,8742,8898,9127,8361,8223,8533,8663,8966,4529,5046,5078,5076,4943,5274,5043,4936,5329,5504,5535,20892,22162,22669,22409,21348,22048,19794,18846,19381,19436,19482,-0.0533062334379563,-0.0817683497632513,-0.0432492155246024,-0.0126917720552646
"161","QN54",8500,8962,8883,8440,7351,7247,6252,5572,5595,5332,5107,9329,9686,9813,9618,9740,9648,9249,9714,9685,10038,10592,5103,5531,5356,5327,5343,5565,5453,5658,5888,5918,6409,22932,24179,24052,23385,22434,22460,20954,20944,21168,21288,22108,-0.0347984956786729,-0.0743489874049783,-0.0731292314677427,0.00230136170883534
"162","QN55",11352,11894,11728,11277,9880,10144,8692,8220,7620,7426,6884,12042,12084,12482,12731,12864,12747,12048,12351,12784,13456,14051,6066,6200,6084,6314,6090,6483,6502,6731,6949,7200,7634,29460,30178,30294,30322,28834,29374,27242,27302,27353,28082,28569,-0.0441153128069565,-0.0836812514822333,-0.0530912720340111,0.005577464219098
"163","QN56",3530,3686,3819,3754,3262,3316,2856,2554,2442,2462,2209,2778,2939,2961,3024,3068,3224,3011,3034,3229,3315,3463,1710,1851,1795,1840,1860,1999,1818,1678,1888,1990,2064,8018,8476,8575,8618,8190,8539,7685,7266,7559,7767,7736,-0.0801465543992526,-0.0219127773426653,-0.0834673204699352,0.0211586756819911
"164","QN57",5257,5517,5256,5262,4629,4729,4109,4023,3898,3632,3697,2836,3051,2899,3024,3220,3403,3328,3576,3644,3945,4062,2093,2236,1851,2024,2057,2048,2103,2141,2386,2389,2392,10186,10804,10006,10310,9906,10180,9540,9740,9928,9966,10151,-0.0315108334431887,-0.0854751141561718,-0.0667160448350891,0.0812886505094592
"165","QN60",5421,5552,5458,4640,4294,3873,4009,3741,3494,3409,3093,2949,3077,2945,2827,3225,2981,3254,3432,3513,3564,3455,1966,2003,1883,1692,1992,1978,1956,2144,2120,2096,2216,10336,10632,10286,9159,9511,8832,9219,9317,9127,9069,8764,-0.0438902656348516,-0.057305426993749,-0.150530171969898,0.029570267580569
"166","QN61",5736,5841,6228,6012,5188,5340,5075,4820,4195,4049,3645,7939,7950,8534,8697,8376,8397,8631,9091,9025,9389,9856,4558,4623,4897,4724,4691,4700,5251,5473,5649,5917,6063,18233,18414,19659,19433,18255,18437,18957,19384,18869,19355,19564,-0.055455888169562,-0.0847338258557423,-0.0384057254179511,0.0179330957134655
"167","QN62",2797,2795,2889,2846,2568,2671,2365,2181,2165,2184,2040,2441,2506,2338,2505,2305,2406,2212,2290,2327,2366,2485,2173,2323,2114,2150,2092,1975,1957,1936,1903,1918,2053,7411,7624,7341,7501,6965,7052,6534,6407,6395,6468,6578,-0.0148150327965548,-0.034879346362978,-0.0098393347886981,0.0408738584328873
"168","QN63",7156,7463,7149,7070,6295,5877,5269,4969,4599,4410,4221,5606,6038,5928,5920,6007,6001,5790,6027,6185,6327,6501,3893,4229,3982,3969,4287,4146,4321,4290,4509,4594,4730,16655,17730,17059,16959,16589,16024,15380,15286,15293,15331,15452,-0.0500106944971068,-0.0630108707684372,-0.0960974183650946,0.0106039231458892
"169","QN66",4599,4976,4908,4535,4015,4260,3833,3432,3335,3265,3090,3541,3708,3850,4050,3845,4003,3886,3891,4008,4108,4584,2133,2306,2224,2265,2338,2488,2320,2365,2458,2486,2638,10273,10990,10982,10850,10198,10751,10039,9688,9801,9859,10312,-0.0258047344627921,-0.0654936358440402,-0.107451011962351,0.0153236985040704
"170","QN68",2693,2899,3001,2832,2157,2114,1734,1552,1400,1324,1251,3026,3227,3237,3414,3189,3234,2998,3210,3171,3231,3260,2234,2362,2131,2153,2016,2163,2197,2230,2196,2307,2303,7953,8488,8369,8399,7362,7511,6929,6992,6767,6862,6814,-0.0457048740646824,-0.0613692947616264,-0.0907267731788714,0.0941669533210765
"171","QN70",16079,17973,17507,16995,15223,14261,12661,11437,10756,9960,9478,9742,10941,11227,11402,11663,11839,12288,12799,13327,13457,13429,7033,7926,7915,7424,8020,8005,8606,8735,8628,8906,8753,32854,36840,36649,35821,34906,34105,33555,32971,32711,32323,31660,-0.0421954641077654,-0.071278738707104,-0.0884949722592187,0.0140710511686232
"172","QN71",5071,5646,5305,5468,4451,4412,3752,3196,3010,3024,2941,3422,3788,3717,3878,3863,3815,3976,3952,3911,4217,4433,2385,2560,2517,2386,2465,2491,2547,2658,2804,2819,2879,10878,11994,11539,11732,10779,10718,10275,9806,9725,10060,10253,-0.00303746225614027,-0.141863367718099,-0.0861110929026623,0.0261605310922773
"173","QN72",10213,11228,11627,11717,9705,9781,8347,7228,6721,6494,6420,5634,6398,6869,7104,6986,7104,7142,7429,7560,7968,8055,4081,4552,4753,4716,4912,5010,5088,4838,5149,5373,5363,19928,22178,23249,23537,21603,21895,20577,19495,19430,19835,19838,-0.0518894741980593,-0.0733276059781842,-0.112724956365288,0.0130469065402612
"174","QN76",4568,4888,4867,4589,3947,4038,3688,3325,3168,2940,2614,4847,5008,5275,5200,5456,5677,5522,5627,5815,5943,6103,2727,2836,2896,3008,3254,3265,3212,3211,3443,3487,3549,12142,12732,13038,12797,12657,12980,12422,12163,12426,12370,12266,-0.0524845631019903,-0.0577545352073199,-0.101280623404698,-0.0213541765402779
"175","QN98",70,64,56,49,22,6,23,20,18,18,28,68,99,63,61,16,15,14,20,22,27,25,62,76,46,43,12,16,15,24,17,29,30,200,239,165,153,50,37,52,64,57,74,83,-0.098333099873932,0.027952863798301,-0.130390835579515,0.123185994727547
"176","QN99",969,1045,1047,1091,623,630,712,625,645,600,518,867,809,943,857,514,540,667,669,609,632,619,677,685,636,636,407,442,461,534,543,528,483,2513,2539,2626,2584,1544,1612,1840,1828,1797,1760,1620,-0.00671646372659381,-0.119540728881888,-0.092433008009875,0.10424229522401
"177","SI01",6556,6646,6707,6637,5580,5794,5588,5238,4766,4914,4564,2687,2696,2745,2748,2874,3041,2853,2988,2838,3109,3147,2509,2359,2499,2523,2552,2595,2702,2660,2629,2588,2518,11752,11701,11951,11908,11006,11430,11143,10886,10233,10611,10229,0.0221558557798128,-0.062998093528145,-0.0824795889567939,-0.0138847052757234
"178","SI05",9045,8859,8981,8717,7136,7584,7227,6674,5903,5924,5842,4563,4472,4609,4650,4380,4640,4666,4833,4605,4815,4953,3804,3698,3850,3704,3640,3774,3724,3812,3598,3823,3891,17412,17029,17440,17071,15156,15998,15617,15319,14106,14562,14686,-0.0451871042267433,-0.0582177228006572,-0.0802269703993466,-0.00486529987391111
"179","SI07",6218,6275,6350,6188,4778,5012,4344,4141,3884,4192,3919,2837,2717,2760,2898,2736,2890,2738,2713,3013,3010,3094,2442,2415,2272,2323,2301,2292,2291,2375,2266,2420,2411,11497,11407,11382,11409,9815,10194,9373,9229,9163,9622,9424,-0.00516890201557312,-0.0717969266245325,-0.121683435397201,0.0518035538028435
"180","SI08",3675,3711,3841,3568,3097,3092,2790,2537,2325,2316,2367,2793,2867,3027,2680,2957,2570,2967,2950,2821,2950,2921,2176,1993,2095,1773,2120,1890,2141,2124,2128,2074,2237,8644,8571,8963,8021,8174,7552,7898,7611,7274,7340,7525,-0.0150111653972499,-0.0866443965451629,-0.106858266486398,0.0633552603321759
"181","SI11",5215,5254,4984,4642,3990,4157,3952,3870,3322,3441,3207,2223,2189,2109,2208,2196,2155,2255,2412,2020,2240,2255,1867,1875,1857,1852,1824,1918,1936,1993,1830,1778,1775,9305,9318,8950,8702,8010,8230,8143,8275,7172,7459,7237,0.023679690927592,-0.0489063173312564,-0.0881043241973844,-0.0437064526803619
"182","SI12",5967,6166,5646,5414,4304,4496,4053,3983,3161,3187,2997,4497,4442,4116,4011,4141,4015,3938,4413,3814,3894,3860,3536,3261,2874,2855,3017,3035,2925,3170,2820,2968,2973,14000,13869,12636,12280,11462,11546,10916,11566,9795,10049,9830,-0.0617032248220273,-0.0537789736225261,-0.125861095528166,0.0607068763558724
"183","SI14",3262,3238,3301,3267,2767,2743,2602,2456,2135,2299,2167,1905,1742,1799,1906,1777,1867,1801,1859,1741,1855,1948,1408,1287,1435,1478,1405,1553,1532,1384,1366,1403,1431,6575,6267,6535,6651,5949,6163,5935,5699,5242,5557,5546,-0.015272265813744,0.0145323795067556,-0.0954239067866251,-0.0500544979508268
"184","SI22",5687,5724,5883,5711,4546,4643,4269,3899,3737,3681,3563,3998,3968,4146,4209,4179,4072,3933,4062,4019,4300,4623,2876,2772,3068,3019,2995,2889,3046,2940,3034,3184,3242,12561,12464,13097,12939,11720,11604,11248,10901,10790,11165,11428,-0.031680171646056,-0.0570017995009708,-0.073256801047005,-0.0346349691051514
"185","SI24",7050,6677,7004,6711,5847,5980,5653,5521,5174,5002,4709,3337,3270,3497,3619,3376,3665,3679,3541,3568,3750,3698,3016,2834,2960,2860,2935,2940,3092,3052,2997,3112,3137,13403,12781,13461,13190,12158,12585,12424,12114,11739,11864,11544,-0.0500639696532472,-0.0489038361795638,-0.0802835389195407,0.0230818930896651
"186","SI25",5649,5611,5464,5173,4479,4599,4480,4203,3806,3994,3631,2703,2725,2365,2310,2395,2556,2495,2589,2526,2679,2686,2405,2310,1961,1969,2022,2143,2149,2161,2213,2218,2243,10757,10646,9790,9452,8896,9298,9124,8953,8545,8891,8560,-0.0221359912551827,-0.0679642543852137,-0.107813752254878,0.0786106534968879
"187","SI28",3925,3854,3663,3641,2909,3069,2687,2512,2248,2172,2074,2590,2504,2239,2365,2253,2334,2357,2291,2232,2310,2491,1930,1967,1650,1684,1786,1676,1644,1809,1697,1693,1887,8445,8325,7552,7690,6948,7079,6688,6612,6177,6175,6452,-0.033075692230273,-0.12032257499114,-0.113739544666289,0.0623648794391391
"188","SI32",4728,4568,4747,4590,3857,4006,4026,3844,3386,3364,3190,2028,1875,1975,2156,2087,2169,2217,2272,2244,2212,2361,1677,1593,1671,1691,1851,1880,2048,2010,1915,1914,1988,8433,8036,8393,8437,7795,8055,8291,8126,7545,7490,7539,-0.0353144576094272,-0.0405617377710201,-0.151371504312681,-0.00604452567112815
"189","SI35",3933,3964,4177,4150,3266,3278,3087,2823,2606,2704,2661,1868,1898,2045,2095,1982,1975,1927,1961,1984,2092,2236,1585,1543,1619,1611,1571,1719,1641,1602,1560,1633,1562,7386,7405,7841,7856,6819,6972,6655,6386,6150,6429,6459,0.0174604743971164,-0.0224563941243448,-0.137447129947391,0.0277401976308495
"190","SI36",5285,5292,5323,5274,4397,4569,4249,3855,3554,3528,3394,2951,2845,2982,2979,2895,3027,2865,2989,2914,3168,3230,2207,2125,2049,2143,2136,2209,2262,2106,2314,2318,2327,10443,10262,10354,10396,9428,9805,9376,8950,8782,9014,8951,-0.0359355911979268,-0.0648767009019342,-0.105746962995827,0.0356429191606556
"191","SI37",4367,4211,4505,4408,3683,3672,3457,3035,2846,2773,2625,2925,2866,3144,3132,3066,3083,3283,3100,3190,3132,3197,2296,2015,2356,2383,2349,2343,2295,2312,2323,2189,2440,9588,9092,10005,9923,9098,9098,9035,8447,8359,8094,8262,-0.0255146817068156,-0.0725816097775927,-0.0777664468471836,-0.0295388441530098
"192","SI45",5238,5219,5035,4957,3936,4103,3838,3551,3265,3328,3162,2572,2519,2442,2591,2539,2623,2567,2601,2605,2757,2850,2167,2126,2009,1937,1989,2052,2031,2041,2043,2077,2063,9977,9864,9486,9485,8464,8778,8436,8193,7913,8162,8075,-0.00550297515673652,-0.064595310948301,-0.112505547253508,0.0402326345434548
"193","SI48",5633,5620,6329,5982,4952,5234,5189,4694,4286,4398,4127,2428,2365,2628,2701,2727,2896,2923,3071,2868,3028,3145,2120,1984,2332,2358,2397,2499,2638,2464,2527,2708,2599,10181,9969,11289,11041,10076,10629,10750,10229,9681,10134,9871,-0.0550566393693421,-0.0414696498132768,-0.111785322802057,-0.0302759157068257
"194","SI54",10419,10108,10258,9824,8354,8752,8391,7756,7075,7112,6973,4599,4496,4266,4485,4361,4557,4737,4811,4529,4839,5063,4201,4096,3688,3772,3980,3993,4198,4205,3823,4083,4205,19219,18700,18212,18081,16695,17302,17326,16772,15427,16034,16241,-0.0290843794640497,-0.0512658414447435,-0.123534572391255,0.0645063482644359
"195","SI99",13,14,30,28,12,7,12,12,16,13,6,17,18,26,28,16,10,14,12,11,7,15,11,9,24,19,6,4,12,9,10,11,17,41,41,80,75,34,21,38,33,37,31,38,-0.331122448979592,-0.000892060660124816,0.525806451612903,-0.120816789563244
